seed,sigma,final_mse,mse_auc,convergence_month,insurer_gap,group_gap,worst_group_mse
0,0.0,0.0013247339106969922,0.0015508340516797955,4,3.0107021479839593e-05,0.0025565895583753496,0.003163163514348438
0,0.01,0.0013447670585322847,0.002353849867219652,4,3.2214958077439825e-05,0.0022560105113911154,0.00293172783528567
0,0.05,0.005773715357459579,0.020381519442988723,104,0.0029347008785541116,0.007864492978821278,0.010669022149194646
0,0.1,0.011251792817481641,0.07310515119951722,104,0.0038297618595677326,0.020246464603627605,0.0242840078219394
1,0.0,0.0009329420110224777,0.0013438292444856207,14,1.7134929005989008e-05,0.0019365309439369472,0.0023335589072284346
1,0.01,0.002046698020635185,0.0021290240468305674,18,0.0009856512218153787,0.004074776064203322,0.0049955760851800295
1,0.05,0.013495648546852087,0.014343019741325253,61,0.011001025095414651,0.025113055083721626,0.030511170250924435
1,0.1,0.01662874946969844,0.042698021409757876,106,0.010563002125214788,0.03020531758804016,0.03743135661470915
2,0.0,0.001324107079439607,0.0013989302497446968,12,4.285227095133185e-05,0.003154942805638719,0.003592605372392818
2,0.01,0.001677425614229637,0.0023668868128697514,5,0.0003892295947235787,0.002758420433426881,0.0035240347479615517
2,0.05,0.00895607757197018,0.015073822734137331,13,0.007162661351698715,0.0028173445964411498,0.010507700668617555
2,0.1,0.03091705999668668,0.04734087489361271,13,0.02826556020134034,0.012503408704436331,0.03728623942730245
3,0.0,0.0017936250120001202,0.0009661224938761332,6,0.0001421795464666645,0.0045256459186098575,0.004972105228375283
3,0.01,0.0027280790754279074,0.0014934833605770984,67,0.0010651286960227883,0.003440720484259599,0.0048969586239558955
3,0.05,0.026224753703457105,0.008015120053831691,120,0.023870427368344906,0.01103662504506094,0.032178955141658985
3,0.1,0.10001933054899685,0.01961602363245238,120,0.09561317768680475,0.03621911327001618,0.117492104666609
4,0.0,0.001066524275043853,0.0011837985315539474,6,7.865665915282084e-06,0.0017389216085999296,0.0021734973360762718
4,0.01,0.0019919634927386297,0.0019119617836199834,39,0.0008053042875830645,0.0030556603577912398,0.0038115814872062698
4,0.05,0.01371764518500242,0.010358012651165314,81,0.010674241490384047,0.023644521523986193,0.028944823991151974
4,0.1,0.015856558080155837,0.02096366061094307,54,0.007836294212980535,0.02712072858976311,0.03305727492975209
5,0.0,0.0015218738194545617,0.001788364288437385,1,5.746376860333163e-05,0.0036024991279585534,0.004020261907504924
5,0.01,0.002091070875214437,0.0028800373494075764,11,6.928859224054375e-05,0.0035399854170746004,0.004516645796797355
5,0.05,0.014059796020514926,0.020377650594237712,23,0.0009588212099408543,0.007901302771570333,0.01881101462267051
5,0.1,0.0508930657592641,0.06904838098559074,120,0.004047109786410689,0.02141644026799912,0.06297352464732646
6,0.0,0.001325400588708401,0.0020108943593079276,14,5.6804003260999144e-05,0.002179099884468831,0.0027625743508383634
6,0.01,0.004605825757975253,0.00316610296526542,43,0.0031199557961842242,0.001991877267917829,0.005574075378011055
6,0.05,0.07347764522896996,0.02289004413623118,120,0.0668676959860449,0.02093977434833024,0.08336108109509785
6,0.1,0.28819820126457535,0.0725732337793754,120,0.2657209757661223,0.07634750172856436,0.3192391280154794
7,0.0,0.0014435401481170452,0.0016484424732809146,13,7.628458389310726e-05,0.0038992938858259186,0.004311046408204616
7,0.01,0.0015305455916550456,0.0022407589872173034,23,0.00031791158785431046,0.0028638720912430747,0.0035305489548873733
7,0.05,0.0057821122828066295,0.013749222831471898,113,0.00461116284039722,0.00331393571284738,0.0076110386164281564
7,0.1,0.019882391655265143,0.04364092614071579,74,0.017788440955924426,0.011394371183907261,0.025524889703168175
8,0.0,0.0010234774199328392,0.0012835112636850905,13,1.3202128936332223e-05,0.0022810142275987394,0.0026235770833717836
8,0.01,0.001154490507320399,0.001918839139237349,3,8.349468458190018e-05,0.002286558314640125,0.0027064741331101283
8,0.05,0.003370634885373649,0.0121256575821191,120,0.0014270655775459626,0.0031788835277437913,0.005531224120330925
8,0.1,0.006467499388256051,0.04273419321345442,120,0.003953405837122766,0.007631497183266259,0.011437578687922412
9,0.0,0.000738887987818474,0.0012202756867743228,1,1.908763301147684e-05,0.0013998086002547914,0.0017599852550380852
9,0.01,0.0011011993099826608,0.0017318763574913386,7,0.00026466441400790447,0.0018571342154928513,0.0023760434229638753
9,0.05,0.007665338588478378,0.011445161980469775,64,0.004335080396614709,0.009314816290381493,0.014181526552431684
9,0.1,0.016594187988614572,0.03509759152768594,84,0.005509785779803976,0.020900954329201173,0.030639168115229386
10,0.0,0.0017872497169991637,0.0017181768234084695,1,2.8920197323022428e-05,0.005024501501458647,0.005476367339960366
10,0.01,0.0028559108369367366,0.0026853921235897318,9,0.0012141229237802556,0.006778234413880648,0.007817039700144178
10,0.05,0.014426355070454158,0.024372860039425907,120,0.01275465214577558,0.028864809089584165,0.03332243222899856
10,0.1,0.019735859022140725,0.08773028718692444,63,0.015145131359733199,0.04758876819623996,0.052172158523837095
11,0.0,0.0007105466565395355,0.0013239311131390933,14,1.2889909997543415e-05,0.001617173114698768,0.001886037075492853
11,0.01,0.0069235339976498845,0.002223582930202679,113,0.006007258944747832,0.0021044274987500862,0.007723687632769248
11,0.05,0.16400362032208052,0.023182066130915415,120,0.16020577425714938,0.055822822176996155,0.18107444833389924
11,0.1,0.6481946375049157,0.08659696446764084,120,0.6381962970007666,0.20785019688132528,0.7149438709511029
12,0.0,0.0024036179812396445,0.0015385193503133197,1,0.00014253477420974952,0.007237937803114623,0.007725284912243416
12,0.01,0.0035532631168566143,0.0023762218782082483,104,0.0008532512246720197,0.009420106221941785,0.010369702571644693
12,0.05,0.021135241122449862,0.019207159855166814,45,0.010820240671685797,0.031301912185542,0.042124345079350825
12,0.1,0.05029689306329652,0.06798133136955198,61,0.03170992091825796,0.06274216067155305,0.09170087420093927
13,0.0,0.0017983077329865548,0.002156785480674058,4,9.71938571773499e-06,0.0046347697134207265,0.005115017060211285
13,0.01,0.0029563505981308443,0.0025893580099269234,12,0.0007180905725780132,0.0059881906150686375,0.007039657689103392
13,0.05,0.020282665111745694,0.007842316322557554,111,0.010169208280560064,0.022884700006057992,0.03419060011616756
13,0.1,0.04720926635809883,0.014838980807366446,31,0.013257038172491941,0.04311971682759856,0.07358135899167295
14,0.0,0.0011883900474404035,0.0011040444136264582,13,2.2613663949827946e-05,0.002278865629032374,0.002792657705036427
14,0.01,0.0013875793842594605,0.002420952603492317,1,7.535465980449497e-05,0.003031554537722984,0.0034869910865852997
14,0.05,0.005561143711215922,0.02671165037757424,34,0.0014262139859908297,0.006939139607417289,0.009506660368916588
14,0.1,0.014905725657601388,0.09797311127144283,78,0.003534329391490507,0.014486799271125932,0.02130801045511628
15,0.0,0.0009649375591393643,0.0008807471497843876,6,2.1888651117450604e-05,0.0021224624685926333,0.0024862869986540933
15,0.01,0.0015499035865540155,0.0021816348695506554,11,0.0003717220372413622,0.0032459445095847513,0.0036851804803929773
15,0.05,0.011491895071119931,0.022246731367118567,73,0.007325749999957337,0.017004189870349264,0.01992034809189782
15,0.1,0.012948342205102988,0.07482241158027825,114,0.005151286798458581,0.01805515028116373,0.021799658472996208
16,0.0,0.0009544305657167348,0.001148189647908061,14,6.719398204709664e-06,0.0016180120571761976,0.0018982605428637118
16,0.01,0.011107077098535437,0.0025931392011819287,120,0.010186509262164708,0.0020645238649985506,0.012135159485054593
16,0.05,0.26546746705758295,0.03509342028757207,120,0.2637244423028799,0.04279779400165362,0.2823414528840456
16,0.1,0.7289551422726427,0.10029377081644596,120,0.7256966760638626,0.13854310249007926,0.7802983355676045
17,0.0,0.0005297646996809386,0.0012034689178765346,88,1.599517744249397e-05,0.0007431350416737918,0.0010488728950600393
17,0.01,0.000628589477935936,0.0018503265745766148,77,4.815270600743613e-05,0.0006306563761697608,0.0010489059992517906
17,0.05,0.0028261265916573906,0.013781845169553952,51,0.0005192200558518242,0.0015897702270487965,0.003772539698377035
17,0.1,0.009658301521198722,0.04838023284814354,43,0.0018225395967337026,0.005753398122558529,0.013279114769950476
18,0.0,0.0011492360239291068,0.0014730068471997904,12,1.1169054026752735e-05,0.0026041031756109004,0.0030471926863127464
18,0.01,0.004639681187502887,0.0020126263548664305,113,0.003409345213117891,0.0010051579893442038,0.00525579072268832
18,0.05,0.08626553634876681,0.014162260239320965,120,0.08374702977329455,0.008402882469863178,0.08949231258412493
18,0.1,0.34070964948525484,0.046860511361882594,120,0.3352317604817064,0.017599336060962516,0.34886390840510834
19,0.0,0.0017683679570358415,0.0021197146151543753,22,0.00010600588762949607,0.0033980763159008817,0.003967841344788571
19,0.01,0.0021234810141880756,0.0023901983948182905,22,0.00018460016774577998,0.003538088088952849,0.00441451376675032
19,0.05,0.009917633025679367,0.01019933184543963,10,0.0009554842174541691,0.009774576524397994,0.014732882949980592
19,0.1,0.034618269411540774,0.031904490201798405,120,0.003487727872216827,0.02594992178079881,0.045113315242942376
20,0.0,0.00194133291965392,0.0012015478256589128,6,0.00012259023412714414,0.005004966754098622,0.005421442283386209
20,0.01,0.009689612073336299,0.002502925361306272,120,0.007938081778230485,0.0028380739953113034,0.010744808086838854
20,0.05,0.19137790141190675,0.03169802204149732,120,0.18731856852072146,0.019523968450895105,0.20141267601705398
20,0.1,0.6848508647812659,0.11544540696511968,120,0.6734467171933419,0.09366332060380138,0.7166090495010067
21,0.0,0.00047167549683864614,0.0014881594038891385,112,2.3276346095178014e-05,0.0003894438540840038,0.0006860639483454636
21,0.01,0.0014096849911159194,0.002087163833435605,64,0.0003804512954007161,0.0009701907180570875,0.0019570598610129135
21,0.05,0.02298928841807137,0.013866631312095196,102,0.008126886456605805,0.02054396130524791,0.033474020383696165
21,0.1,0.06694297962072583,0.04009528213103525,120,0.009686445999268583,0.05220282679071235,0.09384631831458064
22,0.0,0.0011445976298442078,0.0012454612279444639,13,1.4369785558098055e-05,0.002955735441534055,0.003304958799729905
22,0.01,0.0012383140935613723,0.0016514283678832828,13,7.977988445870435e-05,0.003084858299372399,0.0034332390282920517
22,0.05,0.003705522245318884,0.005280837895104093,111,0.001479677762199495,0.0037912242113655203,0.006214773889023294
22,0.1,0.008462589789852653,0.008588545934125818,21,0.002937310226991948,0.008315311131827449,0.013582565723420042
23,0.0,0.0010193155053014658,0.0014520072738202082,13,9.842177872421316e-06,0.0012784060745960123,0.001769464668511855
23,0.01,0.0026670644795638208,0.0025836079485491653,19,0.0015372785158908426,0.00331037211307761,0.004635858569848798
23,0.05,0.018225154446917646,0.026894640134921946,23,0.015819312423899536,0.03008540626341777,0.036454221947874114
23,0.1,0.019000677945477627,0.08823771631209683,74,0.013274317578193662,0.031267243395263176,0.03793940237580871
24,0.0,0.0015142602877066895,0.0015454583021618608,27,2.1897294026623596e-05,0.00277856018152858,0.0032968929443371172
24,0.01,0.00170413949063759,0.0025022086655717675,1,0.00022158819642917622,0.0031369488341492315,0.003644507009582702
24,0.05,0.007205345914664023,0.021368707978483684,43,0.005333931149870341,0.00968646831476957,0.012588180981238557
24,0.1,0.015376281698693118,0.07204554621198152,43,0.03140005942126668,0.025053405769436505,0.029940955377915114
25,0.0,0.0006402487193040766,0.0009456540571200721,14,6.5124031821237655e-06,0.001134904328849719,0.0013964914566305998
25,0.01,0.0020893820881088382,0.0015908727572046747,16,0.0013551607068890714,0.001247841709359565,0.0028388218087954096
25,0.05,0.034117376126228685,0.009843315812591388,120,0.03230977026528502,0.0062982680075535785,0.03776139103107283
25,0.1,0.13269499256587078,0.029480318246766255,120,0.12953603389746804,0.02071762732811091,0.14477267545243014
26,0.0,0.0008507768455293044,0.0013651338145818407,85,4.236912729901498e-05,0.0015672817128706093,0.0019330881143717732
26,0.01,0.0011098920335711215,0.0028382451961195066,6,9.650729350574918e-05,0.002221061221283558,0.0025711705682153673
26,0.05,0.006255534540530501,0.030509383759240578,14,0.0021596835266024334,0.00805228788375152,0.011117372649119408
26,0.1,0.01825237644106186,0.11053357057980549,80,0.01554324381130831,0.020686684505230264,0.029997380167423187
27,0.0,0.0015745524802911535,0.0016790761351802347,21,5.6602246621526326e-05,0.0036010485698854977,0.004104096869296447
27,0.01,0.0015564385344451178,0.0022702317731781697,76,0.00020347108270479022,0.0025308181956872275,0.003270506917150791
27,0.05,0.00785225966654529,0.01807367919861608,33,0.005367901274598173,0.005180633001902589,0.01007989648377458
27,0.1,0.029630417137668997,0.06677977491198112,62,0.023455224881431185,0.019906351643331596,0.03849964502409319
28,0.0,0.0013059611636167215,0.0011634528739313797,12,1.614438275245034e-05,0.0030914794565359773,0.00355769530975344
28,0.01,0.0015707555514407976,0.002185708325191526,3,0.00018829312060810905,0.004125268046231971,0.004540091910017247
28,0.05,0.007760134717415773,0.022508862970268554,32,0.005032037638285155,0.0121417192876556,0.01633787117245903
28,0.1,0.017332771108918406,0.07686032843740244,94,0.010574110741606371,0.03002062591108028,0.03686978139897605
29,0.0,0.0009234142129976302,0.001386451297091311,24,5.402067128027148e-05,0.001553610988079861,0.0019636414888079376
29,0.01,0.0011576964473712175,0.0020126652256071986,1,0.00024148928230730693,0.0014567816199815326,0.0020753927478514957
29,0.05,0.004522436420493969,0.014728601531261504,36,0.0025017996087699987,0.0036838052113567473,0.006772708745748801
29,0.1,0.011745661713966928,0.0515579116080726,11,0.00896227339377724,0.009477259683093996,0.01765000205547451
30,0.0,0.0015749255183224301,0.0014682962963326399,1,3.817646518078521e-05,0.004091433743483554,0.004492965279827418
30,0.01,0.002417203250022066,0.002456026117079247,9,0.0005137762568206844,0.00478483857307036,0.00580594129812304
30,0.05,0.014235318809256109,0.02089272782074611,13,0.008410504284645529,0.007428165462325898,0.018989429354451866
30,0.1,0.04891378444479418,0.07142039926235079,21,0.032725260672775605,0.012246920570949376,0.05442352169372404
31,0.0,0.0015891386764773734,0.0019505518543272962,24,9.467651196353615e-06,0.004072395541597755,0.0045759033070134295
31,0.01,0.0019127889463080292,0.0023514194870401617,1,0.0002032346287386939,0.003781446775026561,0.004551823475703754
31,0.05,0.007161047993820254,0.010998639313459452,13,0.004086208025413741,0.0053803688679682354,0.009959328777536063
31,0.1,0.021334040976715152,0.03385248071544406,13,0.01604725420137505,0.015344579860585133,0.0293325782012022
32,0.0,0.002059122057366415,0.0013363772472934868,4,0.0001415066504362739,0.006400760490318537,0.0067736867768234095
32,0.01,0.00429849413079959,0.0023149602581433075,104,0.002000444690382261,0.003674910528447875,0.0068432475117191065
32,0.05,0.06025253581747758,0.02311371477297661,24,0.051125783254264555,0.03375724324038449,0.07277323259504608
32,0.1,0.23642157168221734,0.08333992876891845,24,0.20698153130001967,0.1380377977169949,0.2891801790147782
33,0.0,0.0020329864681115735,0.002076691647052606,5,8.079398332698155e-05,0.00490706392369839,0.005508887827140546
33,0.01,0.002176191658091377,0.0028544844757571763,6,0.00010552701042106217,0.004979900475940137,0.005725235772395567
33,0.05,0.004124502078958947,0.018404266292961814,41,0.000973001504968264,0.004667824298886381,0.007300421770167766
33,0.1,0.009944537467304063,0.05578232565647799,44,0.003961383480349083,0.004206565347928355,0.012243973107911737
34,0.0,0.0008968519641014505,0.0012991900740969135,14,2.9084292078049658e-05,0.00110003317509926,0.0015189047867200883
34,0.01,0.0015215576321700838,0.0017106499711389504,6,0.0006003336761159128,0.0009513696856013233,0.0019916586369121145
34,0.05,0.013133936103815361,0.0065910494161001984,82,0.011518520987443664,0.0029910385388023553,0.015058981701732472
34,0.1,0.04957023707992203,0.01604493339963485,113,0.04631167181270278,0.013133701735807676,0.057977843583186126
35,0.0,0.0009251280861272455,0.0012976813528955816,32,2.194383470775012e-05,0.001591529396789547,0.0019422684257799083
35,0.01,0.0014891941930984041,0.0018617148575150112,34,0.00015521150963493892,0.0023905404495348803,0.003015534446902535
35,0.05,0.013152839883832212,0.011401697160543234,52,0.002623301515301318,0.00897436628845741,0.018339549187218796
35,0.1,0.04712134002471668,0.035244562380200344,41,0.00834939278508092,0.021627462620989947,0.05765285434822629
36,0.0,0.0012934697872412015,0.0012467643030792865,22,6.409763042191139e-05,0.0033280691202679617,0.003692841421872694
36,0.01,0.0019905299510124363,0.0019911671756959798,3,0.0005405714092988326,0.004779127326114964,0.005388986702494309
36,0.05,0.009887066130360524,0.007625605689138931,50,0.006281523066409016,0.019389641742402618,0.022056242702644065
36,0.1,0.016929927034200192,0.015620364237193318,74,0.011818582993645204,0.03769870980167561,0.0408397091784001
37,0.0,0.0006882116343020599,0.0014938892948871748,109,2.2000699287265445e-05,0.0005293382603452859,0.0009722257604481092
37,0.01,0.0031788386852649314,0.0025139013133840763,10,0.0024607894182950866,0.0029967762192192617,0.004578887608299517
37,0.05,0.014742574171700312,0.02185133030477597,70,0.012491524493112798,0.020164493988917714,0.024183461513095944
37,0.1,0.015360258490566797,0.07746924766399589,112,0.0108638991491623,0.02114542079660221,0.025312948835738702
38,0.0,0.0008583307598290455,0.0013494617507484126,6,2.9653837124929735e-05,0.0019255459040517487,0.0022361274087374034
38,0.01,0.001448866141422542,0.0027984205546497842,30,0.0005855771471817128,0.0022903260779188065,0.0029978310453673807
38,0.05,0.01040813260096234,0.032223817277893085,53,0.007910792464648573,0.009239649513896152,0.016290220735254973
38,0.1,0.01273214566844207,0.11495704641576232,90,0.006878489931864023,0.015173099508692158,0.02280092798746663
39,0.0,0.0009115725717221102,0.0014274798444823121,30,1.6173273964990646e-05,0.001475772671398332,0.0018655302769915844
39,0.01,0.0013139500164367822,0.0019789147966038124,29,0.00038259677327184556,0.0013022412549011965,0.002146803326705067
39,0.05,0.010744602460322328,0.010974184920484974,113,0.007827060766488267,0.0036568095614850984,0.012572289186362943
39,0.1,0.038988474452821865,0.031547488930776815,30,0.03165898931359375,0.011246558494413333,0.043847356525632
40,0.0,0.0008279277789126051,0.0015416276227992064,78,3.1652715431174985e-06,0.0017579216804320032,0.002095944944882324
40,0.01,0.001064950063091113,0.0020657692559028205,14,3.1778730718941904e-05,0.0025364903091073753,0.0029190268530661923
40,0.05,0.005362145475664276,0.014187410456706467,31,0.0010881301542988448,0.00826302809439511,0.011235501637353507
40,0.1,0.017844937643345528,0.04734450951741114,45,0.003929331216591988,0.018275402045601945,0.03029228034818717
41,0.0,0.001517276924749233,0.0019680438005257555,14,4.557813614258968e-05,0.0032816137917754604,0.0037886417878941884
41,0.01,0.0025484651099882344,0.0032673648822026105,5,0.0010717808820851521,0.0025982062777995156,0.004214221594468958
41,0.05,0.024992761696168903,0.02557742784165726,10,0.02249686236744856,0.004553060341602492,0.02726366811488235
41,0.1,0.09589570086634566,0.08032175186250395,70,0.0898939252521181,0.022508953321405678,0.10908627392960073
42,0.0,0.0007742612042169044,0.0019133196021524123,56,3.2860888230580694e-05,0.0011319407297214804,0.001526624447134805
42,0.01,0.0022354478876548123,0.0024514367175357222,1,0.0014891046067756057,0.001155411930715747,0.0028222622250943575
42,0.05,0.03179287189370848,0.013721028183987285,76,0.03016515186433034,0.011418743557890165,0.03749198184596498
42,0.1,0.12237340544026878,0.04397843453977221,80,0.1182346783303971,0.046841012909521085,0.14519730661410538
43,0.0,0.0018454140605295784,0.0013337370996067814,9,5.8250028686856675e-05,0.004659729016741181,0.0051466631017388995
43,0.01,0.0027202326879389796,0.001673142325090792,82,0.0011241260007810738,0.003857174761306434,0.004944475124998648
43,0.05,0.02737680157596959,0.010633954815724106,93,0.025758977384052424,0.009422896871926701,0.03184315326151514
43,0.1,0.10733623838364073,0.0377104564465345,93,0.10445987875454259,0.0379445651719509,0.1282051732901845
44,0.0,0.0005196357064761748,0.0013179663224773478,33,9.52709878743213e-06,0.0005435779933205682,0.0008587200876597754
44,0.01,0.0027825980354838215,0.002134783274522725,16,0.002090439449538065,0.0015741999385486985,0.003718553469213759
44,0.05,0.016503410706466555,0.015608325477522932,66,0.010737942277885172,0.019425249424334805,0.028598298886986
44,0.1,0.03067653890477562,0.04777399994252829,43,0.01101165206067528,0.02214634912025107,0.04402630750065632
45,0.0,0.0022006300543047346,0.0013407823865882638,112,5.9414694157889214e-05,0.006344555106533004,0.006861472946653085
45,0.01,0.0021428637879131805,0.001898791301275956,81,2.0244206220327264e-05,0.005390466804200638,0.006086011205855307
45,0.05,0.004469833447129269,0.00808196972998268,84,0.000511265849406115,0.004375201558895825,0.006972908067642417
45,0.1,0.011054548485303118,0.01798740290316397,30,0.0022763287579489182,0.010924726980179631,0.017287371171944836
46,0.0,0.0011348697793547367,0.0013926608408566666,7,1.1530156543166074e-05,0.0018643483944816425,0.0023785348377385355
46,0.01,0.0020074870328199604,0.0021905219499010926,10,0.0006645799924855334,0.0017773970188170248,0.0030656101780430042
46,0.05,0.020392394651870052,0.019120361851956456,27,0.013942456337253634,0.006547403394391448,0.023442974729075257
46,0.1,0.07826326952343429,0.06886637470052392,27,0.05571439894416028,0.02150265697902319,0.08750844278197586
47,0.0,0.0007677439783389909,0.0017696073414093787,52,5.9702146165652205e-05,0.0006116839673657914,0.001138416605892235
47,0.01,0.0009154856064504419,0.002487515107972771,114,9.404399196955495e-05,0.0005367927591282456,0.001245746920684145
47,0.05,0.003464632108738762,0.01613320992749343,120,0.00047257238177737164,0.0015380624221386665,0.004245593011831761
47,0.1,0.010778692920219015,0.05310013189092779,31,0.001314895233048052,0.0061764192706840184,0.01430376993723215
48,0.0,0.0014273237057440126,0.0013321507895228178,13,2.2822652604407918e-05,0.002243269395547957,0.002841706620968763
48,0.01,0.0022008816803485687,0.0018701974690432139,50,0.0009961940567351456,0.0011506050008218203,0.002799761225484288
48,0.05,0.024521548185959738,0.011220702970054772,113,0.02185911956229988,0.016759733039445533,0.032565790149610696
48,0.1,0.0935418240491509,0.03318712990914854,72,0.0846659924344392,0.06829702727999098,0.12869115449053237
49,0.0,0.0015533403032608002,0.0012783042799437466,52,5.790951989928285e-05,0.00397943770057429,0.0043898691125268
49,0.01,0.0026135281638207846,0.0021390871105575054,113,0.001086760325530989,0.0036640958223361298,0.005140653943479732
49,0.05,0.024709550887544247,0.02017158662049527,12,0.02231018193822462,0.010488549636564266,0.029855876671607086
49,0.1,0.09259046129700062,0.0711147255940369,21,0.08788980328726877,0.042206307891876196,0.11667002239949475
