metric,comparison,reference,comparator,n_pairs,mean_paired_difference,paired_standardized_effect_dz,wilcoxon_statistic,p_value,p_holm,significant_0_05
insured_pct,fl_imdr vs dong_quan_automl,fl_imdr,dong_quan_automl,50,0.3090000000000001,6.495876276577234,0.0,7.544976683806673e-10,3.769077077497235e-09,True
insured_pct,fl_imdr vs richman_credibility,fl_imdr,richman_credibility,50,0.31660000000000005,6.771894134371152,0.0,7.546683182364461e-10,3.769077077497235e-09,True
insured_pct,fl_imdr vs piontkowski_small_portfolio,fl_imdr,piontkowski_small_portfolio,50,0.31052000000000013,6.707025266058338,0.0,7.538154154994469e-10,3.769077077497235e-09,True
insured_pct,fl_imdr vs xin_fairness,fl_imdr,xin_fairness,50,0.24912000000000012,5.153445309900677,0.0,7.539859267508618e-10,3.769077077497235e-09,True
insured_pct,fl_imdr vs sun_fhe_crl,fl_imdr,sun_fhe_crl,50,0.29646000000000006,6.467263492649843,0.0,7.544976683806673e-10,3.769077077497235e-09,True
effective_premium,fl_imdr vs dong_quan_automl,fl_imdr,dong_quan_automl,50,-2.412431188975615,-0.33552787334482836,381.0,0.012568191503659065,0.012568191503659065,True
effective_premium,fl_imdr vs richman_credibility,fl_imdr,richman_credibility,50,-14.082776599340573,-4.225831477439424,0.0,1.7763568394002505e-15,8.881784197001252e-15,True
effective_premium,fl_imdr vs piontkowski_small_portfolio,fl_imdr,piontkowski_small_portfolio,50,-13.194788230507761,-4.090584532385617,0.0,1.7763568394002505e-15,8.881784197001252e-15,True
effective_premium,fl_imdr vs xin_fairness,fl_imdr,xin_fairness,50,-4.007996243423696,-0.6436906085633766,243.0,7.500770700019643e-05,0.00015001541400039287,True
effective_premium,fl_imdr vs sun_fhe_crl,fl_imdr,sun_fhe_crl,50,-10.315550751151159,-3.436986819601079,0.0,1.7763568394002505e-15,8.881784197001252e-15,True
profit_per_insurer,fl_imdr vs dong_quan_automl,fl_imdr,dong_quan_automl,50,1848.63158513121,1.629220725843043,0.0,1.7763568394002505e-15,8.881784197001252e-15,True
profit_per_insurer,fl_imdr vs richman_credibility,fl_imdr,richman_credibility,50,1461.8544396987936,1.6461249596706817,0.0,1.7763568394002505e-15,8.881784197001252e-15,True
profit_per_insurer,fl_imdr vs piontkowski_small_portfolio,fl_imdr,piontkowski_small_portfolio,50,1499.817299025901,1.6424384589030798,0.0,1.7763568394002505e-15,8.881784197001252e-15,True
profit_per_insurer,fl_imdr vs xin_fairness,fl_imdr,xin_fairness,50,1480.105866612035,1.4767513986941192,0.0,1.7763568394002505e-15,8.881784197001252e-15,True
profit_per_insurer,fl_imdr vs sun_fhe_crl,fl_imdr,sun_fhe_crl,50,1573.4647767521838,1.6600260223610854,0.0,1.7763568394002505e-15,8.881784197001252e-15,True
accepted_coverage,fl_imdr vs dong_quan_automl,fl_imdr,dong_quan_automl,50,0.006269969092349264,0.34884162758693116,400.0,0.02122367163684835,0.02122367163684835,True
accepted_coverage,fl_imdr vs richman_credibility,fl_imdr,richman_credibility,50,-0.011083418728733337,-1.584471022604046,7.0,3.375077994860476e-14,6.750155989720952e-14,True
accepted_coverage,fl_imdr vs piontkowski_small_portfolio,fl_imdr,piontkowski_small_portfolio,50,-0.022367551990649465,-3.2174752534185056,0.0,1.7763568394002505e-15,8.881784197001252e-15,True
accepted_coverage,fl_imdr vs xin_fairness,fl_imdr,xin_fairness,50,0.03164628335670203,2.4211106701569474,0.0,1.7763568394002505e-15,8.881784197001252e-15,True
accepted_coverage,fl_imdr vs sun_fhe_crl,fl_imdr,sun_fhe_crl,50,-0.03649204921830742,-5.390859479609821,0.0,1.7763568394002505e-15,8.881784197001252e-15,True
risk_mse,fl_imdr vs dong_quan_automl,fl_imdr,dong_quan_automl,50,-0.0008335933179778314,-1.8566019297546439,0.0,1.7763568394002505e-15,8.881784197001252e-15,True
risk_mse,fl_imdr vs richman_credibility,fl_imdr,richman_credibility,50,7.480235434369843e-05,0.5832339432920446,27.0,2.239985974483716e-12,2.239985974483716e-12,True
risk_mse,fl_imdr vs piontkowski_small_portfolio,fl_imdr,piontkowski_small_portfolio,50,7.508335160899578e-05,0.5907423623191631,11.0,9.769962616701378e-14,1.9539925233402755e-13,True
risk_mse,fl_imdr vs xin_fairness,fl_imdr,xin_fairness,50,-0.011814778923574597,-5.194732513090274,0.0,1.7763568394002505e-15,8.881784197001252e-15,True
risk_mse,fl_imdr vs sun_fhe_crl,fl_imdr,sun_fhe_crl,50,7.538383523684169e-05,0.5895452906129042,4.0,1.2434497875801753e-14,3.730349362740526e-14,True
risk_group_coverage_gap,fl_imdr vs dong_quan_automl,fl_imdr,dong_quan_automl,50,-0.52648,-5.599037790824024,0.0,7.514318919004358e-10,3.750364599067263e-09,True
risk_group_coverage_gap,fl_imdr vs richman_credibility,fl_imdr,richman_credibility,50,-0.51936,-5.673996362714872,0.0,7.534744968972034e-10,3.750364599067263e-09,True
risk_group_coverage_gap,fl_imdr vs piontkowski_small_portfolio,fl_imdr,piontkowski_small_portfolio,50,-0.5112800000000001,-5.595034737566294,0.0,7.500729198134526e-10,3.750364599067263e-09,True
risk_group_coverage_gap,fl_imdr vs xin_fairness,fl_imdr,xin_fairness,50,-0.25944,-2.6487084640177456,0.0,7.536449388836203e-10,3.750364599067263e-09,True
risk_group_coverage_gap,fl_imdr vs sun_fhe_crl,fl_imdr,sun_fhe_crl,50,-0.49608,-5.3154215864740575,0.0,7.541564726440781e-10,3.750364599067263e-09,True
high_risk_uninsured_pct,fl_imdr vs dong_quan_automl,fl_imdr,dong_quan_automl,50,-59.38400000000001,-6.888384174246875,0.0,7.541564726440781e-10,3.758859901441417e-09,True
high_risk_uninsured_pct,fl_imdr vs richman_credibility,fl_imdr,richman_credibility,50,-59.33599999999999,-7.274533720237457,0.0,7.541564726440781e-10,3.758859901441417e-09,True
high_risk_uninsured_pct,fl_imdr vs piontkowski_small_portfolio,fl_imdr,piontkowski_small_portfolio,50,-58.144,-7.054974022600941,0.0,7.519420763211106e-10,3.758859901441417e-09,True
high_risk_uninsured_pct,fl_imdr vs xin_fairness,fl_imdr,xin_fairness,50,-35.56,-3.939830893704734,0.0,7.517719802882833e-10,3.758859901441417e-09,True
high_risk_uninsured_pct,fl_imdr vs sun_fhe_crl,fl_imdr,sun_fhe_crl,50,-55.888000000000005,-6.498342143553976,0.0,7.529633786524503e-10,3.758859901441417e-09,True
premium_group_gap,fl_imdr vs dong_quan_automl,fl_imdr,dong_quan_automl,50,-21.523575290310276,-2.9677429645541458,0.0,1.7763568394002505e-15,8.881784197001252e-15,True
premium_group_gap,fl_imdr vs richman_credibility,fl_imdr,richman_credibility,50,-26.102883049881516,-4.864749536393612,0.0,1.7763568394002505e-15,8.881784197001252e-15,True
premium_group_gap,fl_imdr vs piontkowski_small_portfolio,fl_imdr,piontkowski_small_portfolio,50,-26.591242895606797,-4.844266731119835,0.0,1.7763568394002505e-15,8.881784197001252e-15,True
premium_group_gap,fl_imdr vs xin_fairness,fl_imdr,xin_fairness,50,14.889852492869785,2.4192788569692145,1.0,3.552713678800501e-15,8.881784197001252e-15,True
premium_group_gap,fl_imdr vs sun_fhe_crl,fl_imdr,sun_fhe_crl,50,-27.135300175944806,-5.0068202942022655,0.0,1.7763568394002505e-15,8.881784197001252e-15,True
hhi,fl_imdr vs dong_quan_automl,fl_imdr,dong_quan_automl,50,-0.18116987923178138,-1.0023790231765237,117.0,3.623269506647375e-08,3.623269506647375e-08,True
hhi,fl_imdr vs richman_credibility,fl_imdr,richman_credibility,50,-0.2680606919212642,-7.030331727805247,0.0,1.7763568394002505e-15,8.881784197001252e-15,True
hhi,fl_imdr vs piontkowski_small_portfolio,fl_imdr,piontkowski_small_portfolio,50,-0.2675103021904304,-7.189926422609394,0.0,1.7763568394002505e-15,8.881784197001252e-15,True
hhi,fl_imdr vs xin_fairness,fl_imdr,xin_fairness,50,-0.20915931202503035,-1.3215291168829446,52.0,7.151434999741468e-11,1.4302869999482937e-10,True
hhi,fl_imdr vs sun_fhe_crl,fl_imdr,sun_fhe_crl,50,-0.2727811338682643,-7.15328792656316,0.0,1.7763568394002505e-15,8.881784197001252e-15,True
subsidy_total,fl_imdr vs dong_quan_automl,fl_imdr,dong_quan_automl,50,2744.0,4.6205540190501795,0.0,1.7763568394002505e-15,8.881784197001252e-15,True
subsidy_total,fl_imdr vs richman_credibility,fl_imdr,richman_credibility,50,2744.0,4.6205540190501795,0.0,1.7763568394002505e-15,8.881784197001252e-15,True
subsidy_total,fl_imdr vs piontkowski_small_portfolio,fl_imdr,piontkowski_small_portfolio,50,2744.0,4.6205540190501795,0.0,1.7763568394002505e-15,8.881784197001252e-15,True
subsidy_total,fl_imdr vs xin_fairness,fl_imdr,xin_fairness,50,2744.0,4.6205540190501795,0.0,1.7763568394002505e-15,8.881784197001252e-15,True
subsidy_total,fl_imdr vs sun_fhe_crl,fl_imdr,sun_fhe_crl,50,2744.0,4.6205540190501795,0.0,1.7763568394002505e-15,8.881784197001252e-15,True
gov_score,fl_imdr vs dong_quan_automl,fl_imdr,dong_quan_automl,50,0.2851635903385425,6.9078509732703095,0.0,1.7763568394002505e-15,8.881784197001252e-15,True
gov_score,fl_imdr vs richman_credibility,fl_imdr,richman_credibility,50,0.29375485535370116,7.641075604547014,0.0,1.7763568394002505e-15,8.881784197001252e-15,True
gov_score,fl_imdr vs piontkowski_small_portfolio,fl_imdr,piontkowski_small_portfolio,50,0.28895482417523444,7.469203676212726,0.0,1.7763568394002505e-15,8.881784197001252e-15,True
gov_score,fl_imdr vs xin_fairness,fl_imdr,xin_fairness,50,0.1936967449620024,4.579101997271446,0.0,1.7763568394002505e-15,8.881784197001252e-15,True
gov_score,fl_imdr vs sun_fhe_crl,fl_imdr,sun_fhe_crl,50,0.27924949070946115,7.101219423110579,0.0,1.7763568394002505e-15,8.881784197001252e-15,True
