seed,method,method_label,citation_key,insured_pct,effective_premium,quoted_premium,profit_per_insurer,accepted_coverage,risk_mse,risk_group_coverage_gap,high_risk_uninsured_pct,premium_group_gap,hhi,subsidy_total,gov_score
101,dong_quan_automl,Dong–Quan AutoML-aligned (2025),DongQuan2025,0.639,191.67998976890007,191.67998976890007,1586.0555159615233,0.730392018796689,0.0005991039445222826,0.688,76.8,45.28115252149968,0.8230919448412003,0.0,0.549702644412704
102,dong_quan_automl,Dong–Quan AutoML-aligned (2025),DongQuan2025,0.654,179.37896371676737,179.37896371676737,1438.1827885867954,0.7060918713830849,0.0010161229625559197,0.528,62.8,39.837554196617916,0.8454922862242544,0.0,0.5946606171020596
103,dong_quan_automl,Dong–Quan AutoML-aligned (2025),DongQuan2025,0.739,176.5953608780219,176.5953608780219,1580.7400971651437,0.6735397510704374,0.001260181876114614,0.504,57.2,30.300545879788025,0.6732591873914644,0.0,0.6526892650086829
104,dong_quan_automl,Dong–Quan AutoML-aligned (2025),DongQuan2025,0.644,187.4463227975971,187.4463227975971,1519.479748066086,0.7316597768396225,0.0007466013794217738,0.624,70.4,45.7385441560654,0.6593158794435845,0.0,0.5810547296445132
105,dong_quan_automl,Dong–Quan AutoML-aligned (2025),DongQuan2025,0.613,180.1192107185764,180.1192107185764,1330.616680928671,0.6970459394436259,0.0018423336739265821,0.772,81.6,45.35427094855056,0.8250596969168775,0.0,0.5168452242466499
106,dong_quan_automl,Dong–Quan AutoML-aligned (2025),DongQuan2025,0.724,186.14890876190788,186.14890876190788,1691.5698517017306,0.7379739749779979,0.0008493008886700203,0.6679999999999999,67.2,41.8786343765319,0.6806726654022465,0.0,0.6043461867678203
107,dong_quan_automl,Dong–Quan AutoML-aligned (2025),DongQuan2025,0.698,187.30096822546122,187.30096822546122,1641.2290561262107,0.7261488822992719,0.0010668443063783918,0.5559999999999999,61.2,40.987282529280364,0.7082085826968113,0.0,0.6184433133842552
108,dong_quan_automl,Dong–Quan AutoML-aligned (2025),DongQuan2025,0.725,191.16435802173908,191.16435802173908,1813.6471717943725,0.7246079635607766,0.0005183370042036166,0.532,54.8,47.36255816097764,0.5916024994042409,0.0,0.6459218000476608
109,dong_quan_automl,Dong–Quan AutoML-aligned (2025),DongQuan2025,0.663,188.9288220207702,188.9288220207702,1601.1009259501873,0.7007255016862823,0.0006603043808169225,0.748,75.6,32.454475537010126,0.5348650273051276,0.0,0.5685607978155899
110,dong_quan_automl,Dong–Quan AutoML-aligned (2025),DongQuan2025,0.622,187.27042839162354,187.27042839162354,1479.353059143247,0.7278317200623887,0.0013719224738453198,0.588,69.6,47.83157025177132,0.4687253741219708,0.0,0.5954019700702424
111,dong_quan_automl,Dong–Quan AutoML-aligned (2025),DongQuan2025,0.611,188.63539872279955,188.63539872279955,1500.1661484228314,0.7392458239610372,0.0009897962415157768,0.74,78.4,55.70682063368277,0.8668455953373109,0.0,0.5206023523730151
112,dong_quan_automl,Dong–Quan AutoML-aligned (2025),DongQuan2025,0.746,188.34217306258512,188.34217306258512,1753.1463420705736,0.7256761856722054,0.000809763916928469,0.504,56.4,39.04276057089182,0.5778021772207843,0.0,0.6634758258223373
113,dong_quan_automl,Dong–Quan AutoML-aligned (2025),DongQuan2025,0.717,181.67578842621316,181.67578842621316,1594.0730831672142,0.7260583053783731,0.001565645624866311,0.604,67.2,40.78950899898091,0.5029290255923768,0.0,0.6314156779526099
114,dong_quan_automl,Dong–Quan AutoML-aligned (2025),DongQuan2025,0.651,187.55670869219662,187.55670869219662,1584.9054780298688,0.7270820045905549,0.0007138841119192352,0.584,65.6,47.8306187826435,0.43236176139168664,0.0,0.6123610590886651
115,dong_quan_automl,Dong–Quan AutoML-aligned (2025),DongQuan2025,0.63,183.86370425057203,183.86370425057203,1434.0674032592083,0.7486282722802564,0.0012630357295735346,0.568,68.8,56.47330520965802,0.8445990900625077,0.0,0.5739320727949994
116,dong_quan_automl,Dong–Quan AutoML-aligned (2025),DongQuan2025,0.6849999999999999,189.42312637429657,189.42312637429657,1672.2511764271057,0.7348653402608112,0.001174847735544866,0.496,56.8,52.028869919424515,0.87558621903287,0.0,0.6142031024773704
117,dong_quan_automl,Dong–Quan AutoML-aligned (2025),DongQuan2025,0.64,182.1136710538338,182.1136710538338,1427.9296022405447,0.6850691736833847,0.0012327297789521392,0.616,69.6,40.04183749359813,0.34522392900477317,0.0,0.6063820856796182
118,dong_quan_automl,Dong–Quan AutoML-aligned (2025),DongQuan2025,0.737,188.1853504723187,188.1853504723187,1741.0133345240374,0.7338795112307432,0.0022082496123696114,0.536,54.0,48.6600145666781,0.8207268838319568,0.0,0.6319918492934434
119,dong_quan_automl,Dong–Quan AutoML-aligned (2025),DongQuan2025,0.693,184.90016644177246,184.90016644177246,1611.0387043140665,0.707777429125682,0.0007788690715776194,0.46799999999999997,58.0,28.667824942486696,0.4514257958911159,0.0,0.6587359363287107
120,dong_quan_automl,Dong–Quan AutoML-aligned (2025),DongQuan2025,0.613,183.7520927737434,183.7520927737434,1416.934808863141,0.705451017342261,0.0006065048400019575,0.528,63.6,36.647076215503915,0.44008026402683315,0.0,0.6086435788778534
121,dong_quan_automl,Dong–Quan AutoML-aligned (2025),DongQuan2025,0.72,185.28378240108955,185.28378240108955,1749.2277855045281,0.7448832828963602,0.0005472138800822963,0.6679999999999999,73.6,45.57443852309073,0.8754392691922124,0.0,0.586964858464623
122,dong_quan_automl,Dong–Quan AutoML-aligned (2025),DongQuan2025,0.604,185.39473904509975,185.39473904509975,1403.7288547545509,0.7261989839280435,0.0010935143895589381,0.8119999999999999,86.4,54.447062738703565,0.4159214262452366,0.0,0.5355262859003811
123,dong_quan_automl,Dong–Quan AutoML-aligned (2025),DongQuan2025,0.604,191.0978415628393,191.0978415628393,1476.1924573703452,0.7219227629082191,0.0010739130211860014,0.6759999999999999,78.0,38.704236151099394,0.7425340922194685,0.0,0.5433972726224425
124,dong_quan_automl,Dong–Quan AutoML-aligned (2025),DongQuan2025,0.724,175.2600414476169,175.2600414476169,1518.6383075016415,0.7119896447205923,0.0012108812658410105,0.592,64.4,45.31904694462018,0.8940690828067858,0.0,0.6062744733754571
125,dong_quan_automl,Dong–Quan AutoML-aligned (2025),DongQuan2025,0.6849999999999999,180.45018160729992,180.45018160729992,1528.3126680455912,0.7008802431139477,0.0007595162839307367,0.604,68.0,43.29993928636983,0.7258199168379564,0.0,0.5991844066529635
126,dong_quan_automl,Dong–Quan AutoML-aligned (2025),DongQuan2025,0.675,193.5112767807935,193.5112767807935,1727.533242495405,0.6962093905602648,0.0008497541648634369,0.588,67.2,38.36904423273347,0.29692362745726386,0.0,0.6329961098034189
127,dong_quan_automl,Dong–Quan AutoML-aligned (2025),DongQuan2025,0.694,183.0148964216957,183.0148964216957,1615.786701599422,0.7234782932834564,0.0009940971308662872,0.696,72.4,40.03070429561442,0.5808373487023377,0.0,0.591833012103813
128,dong_quan_automl,Dong–Quan AutoML-aligned (2025),DongQuan2025,0.674,182.7907020621267,182.7907020621267,1564.0313062773735,0.7064724612738077,0.0017370844370766258,0.6519999999999999,72.0,41.41960487907953,0.45229092302747853,0.0,0.6041167261578018
129,dong_quan_automl,Dong–Quan AutoML-aligned (2025),DongQuan2025,0.599,186.23335261806724,186.23335261806724,1431.6619098736896,0.6973569357425382,0.0006379874764290541,0.792,83.6,36.45495000830145,0.32212218530750325,0.0,0.5457802251753998
130,dong_quan_automl,Dong–Quan AutoML-aligned (2025),DongQuan2025,0.675,193.79568446138487,193.79568446138487,1743.312079486001,0.697452560473366,0.001266521186014193,0.54,61.6,31.7439637002958,0.4259971303068088,0.0,0.6346702295754553
131,dong_quan_automl,Dong–Quan AutoML-aligned (2025),DongQuan2025,0.745,183.90734093787475,183.90734093787475,1693.896756578118,0.7356053318504927,0.0012944897420508286,0.488,51.2,36.377099903256806,0.5776091624149091,0.0,0.6670412670068073
132,dong_quan_automl,Dong–Quan AutoML-aligned (2025),DongQuan2025,0.67,196.62944652878096,196.62944652878096,1734.6995715327357,0.713868368313674,0.0010603293867716256,0.688,75.2,41.75913512150005,0.7766038392348551,0.0,0.5673716928612116
133,dong_quan_automl,Dong–Quan AutoML-aligned (2025),DongQuan2025,0.709,178.18462654460853,178.18462654460853,1491.755464100254,0.7367886440098912,0.002061052627971713,0.696,72.4,41.10814173614731,0.8290969321390499,0.0,0.5787222454288761
134,dong_quan_automl,Dong–Quan AutoML-aligned (2025),DongQuan2025,0.652,191.95280603715906,191.95280603715906,1604.0287142203922,0.7119345480335303,0.0007201783623452654,0.604,73.2,53.47304877502472,0.38253522440312215,0.0,0.6117971820477502
135,dong_quan_automl,Dong–Quan AutoML-aligned (2025),DongQuan2025,0.618,193.43185992504863,193.43185992504863,1546.79989095391,0.7179334865815957,0.0005819765597912357,0.472,56.0,46.43222162852192,0.6648551193169342,0.0,0.6069115904546453
136,dong_quan_automl,Dong–Quan AutoML-aligned (2025),DongQuan2025,0.632,189.78457706748458,189.78457706748458,1554.5299161497053,0.7102693690150091,0.0006683761555358028,0.64,68.8,34.00853873501054,0.413175861813239,0.0,0.5913459310549409
137,dong_quan_automl,Dong–Quan AutoML-aligned (2025),DongQuan2025,0.707,178.79542367904892,178.79542367904892,1469.8520520446236,0.7633893785514296,0.002203939345420483,0.504,57.6,52.77143521411525,0.9562094211713742,0.0,0.61565324630629
138,dong_quan_automl,Dong–Quan AutoML-aligned (2025),DongQuan2025,0.679,192.87789842994007,192.87789842994007,1687.1324779962076,0.730854925434296,0.0010929269801623425,0.488,62.4,47.290663389776185,0.7395129960103691,0.0,0.6243889603191705
139,dong_quan_automl,Dong–Quan AutoML-aligned (2025),DongQuan2025,0.796,179.91725975900937,179.91725975900937,1715.9563466742427,0.7539431808370065,0.0010923976837940424,0.42799999999999994,44.8,52.16616100287987,0.8502270096449017,0.0,0.6831818392284079
140,dong_quan_automl,Dong–Quan AutoML-aligned (2025),DongQuan2025,0.679,189.12112205946448,189.12112205946448,1661.2764606722808,0.696822172896763,0.0007822813350278441,0.616,70.0,29.122364639555144,0.35630188248408035,0.0,0.6230458494012735
141,dong_quan_automl,Dong–Quan AutoML-aligned (2025),DongQuan2025,0.643,182.4760283483886,182.4760283483886,1473.8772529714752,0.7279058404281671,0.0011270793842644378,0.564,67.6,47.75925839580363,0.6593761656724035,0.0,0.5955999067462077
142,dong_quan_automl,Dong–Quan AutoML-aligned (2025),DongQuan2025,0.677,194.9111829758888,194.9111829758888,1695.4000083129781,0.6998944409018697,0.0012664499660561678,0.5880000000000001,66.4,37.93659647367764,0.6263687087577593,0.0,0.6075405032993793
143,dong_quan_automl,Dong–Quan AutoML-aligned (2025),DongQuan2025,0.6679999999999999,190.4925715615972,190.4925715615972,1658.0703073127047,0.7201777305447775,0.0003986126906512051,0.62,68.4,39.96169116129157,0.7044550708846213,0.0,0.5892435943292302
144,dong_quan_automl,Dong–Quan AutoML-aligned (2025),DongQuan2025,0.694,194.78803836078345,194.78803836078345,1764.5446632431363,0.7207198952251404,0.0005616108635616584,0.6679999999999999,70.4,49.63135499064199,0.7229927159200019,0.0,0.5874605827263999
145,dong_quan_automl,Dong–Quan AutoML-aligned (2025),DongQuan2025,0.6,185.0051875787256,185.0051875787256,1393.4348641299796,0.7413287964166924,0.0015264944249016427,0.748,78.8,42.65574173479323,0.7049438671603493,0.0,0.5266044906271721
146,dong_quan_automl,Dong–Quan AutoML-aligned (2025),DongQuan2025,0.637,186.3166532683633,186.3166532683633,1493.3962147845766,0.7278825879233336,0.0009162324181327477,0.616,70.8,42.892185298406694,0.5638717928555607,0.0,0.5875402565715552
147,dong_quan_automl,Dong–Quan AutoML-aligned (2025),DongQuan2025,0.726,188.75932343756736,188.75932343756736,1727.524462006674,0.7083974624610594,0.0007161289981011419,0.516,60.0,40.75012196518689,0.36025844936546453,0.0,0.6688793240507629
148,dong_quan_automl,Dong–Quan AutoML-aligned (2025),DongQuan2025,0.696,182.90424665854678,182.90424665854678,1626.0483943860702,0.7367067624054331,0.0010783691387797625,0.732,73.2,39.79823494154208,0.6210066943809115,0.0,0.5805194644495272
149,dong_quan_automl,Dong–Quan AutoML-aligned (2025),DongQuan2025,0.645,188.46147553864157,188.46147553864157,1542.6096368763729,0.7349952036536376,0.0014155507742336375,0.45999999999999996,60.4,44.79346422499511,0.8312256760107903,0.0,0.6087519459191368
150,dong_quan_automl,Dong–Quan AutoML-aligned (2025),DongQuan2025,0.579,183.23331165458595,183.23331165458595,1331.527439003524,0.7534308276819225,0.0012207108951586396,0.688,76.0,50.69148521463347,0.9208081640056183,0.0,0.5148853468795506
101,fl_imdr,FL-IMDR (proposed),,0.9800000000000001,183.26748505937695,195.1118727055005,2183.6258397559386,0.7243978566763387,0.00017780654644194546,0.07999999999999996,8.0,15.243441029736974,0.4289670970428988,1160.749989320107,0.8866826322365681
102,fl_imdr,FL-IMDR (proposed),,0.9800000000000001,185.25558556310656,195.38118825605278,2174.613279858014,0.7282294684980102,0.00016557461439700992,0.07999999999999996,8.0,21.367435350619537,0.4539150354019158,992.309063908729,0.8846867971678467
103,fl_imdr,FL-IMDR (proposed),,0.9800000000000001,188.32407730266928,196.9217364639182,2192.752881594047,0.7261798581351471,0.0002126781106373575,0.07999999999999996,8.0,26.428549181804208,0.4511453561016244,842.570597802394,0.8849083715118701
104,fl_imdr,FL-IMDR (proposed),,0.9800000000000001,182.35762783178717,195.31157280453453,2142.681540784648,0.7214413382861833,0.00016178274713612276,0.07999999999999996,8.0,19.169657842897728,0.41397334443981676,1269.4866073292385,0.8878821324448147
105,fl_imdr,FL-IMDR (proposed),,0.9800000000000001,185.8756286867626,198.2857491214857,2147.925049264847,0.7197036872646155,0.0001740339672047866,0.07999999999999996,8.0,20.565994954917446,0.4551853394418992,1216.1918026028627,0.884585172844648
106,fl_imdr,FL-IMDR (proposed),,0.9800000000000001,183.86122131994995,195.14046058411782,2147.850443767129,0.7360059968029514,0.00015936760058011463,0.07999999999999996,8.0,22.619861004698183,0.5237401082882133,1105.365447888449,0.8791007913369429
107,fl_imdr,FL-IMDR (proposed),,0.9800000000000001,183.82299390995254,194.96009729868837,2111.766595235637,0.723582703519239,0.00016646747001605166,0.07999999999999996,8.0,18.763803139577462,0.4272594752186588,1091.436132096112,0.8868192419825073
108,fl_imdr,FL-IMDR (proposed),,0.9800000000000001,185.70742736685904,192.67534794596926,2124.738434965492,0.7397784927228807,0.0001611433603022971,0.07999999999999996,8.0,25.551583196315434,0.4829029571012079,682.8562167528021,0.8823677634319033
109,fl_imdr,FL-IMDR (proposed),,0.9800000000000001,181.20977039213483,194.75381876156968,2115.244770451506,0.724509010243051,0.0003793917191520299,0.07999999999999996,8.0,14.313115681715157,0.45545605997501043,1327.3167402046151,0.884563515201999
110,fl_imdr,FL-IMDR (proposed),,0.9800000000000001,185.5000013760086,198.20467644331978,2239.2657772309553,0.7172583560932836,0.00018058994422265407,0.07999999999999996,8.0,21.72927040096683,0.42800916284881296,1245.0581565964935,0.886759266972095
111,fl_imdr,FL-IMDR (proposed),,0.9800000000000001,179.93875092652686,194.1074948286746,2167.7341863351385,0.7297869505273986,0.00024614656297383285,0.07999999999999996,8.0,23.161449872545653,0.4489379425239483,1388.5369024104766,0.8850849645980841
112,fl_imdr,FL-IMDR (proposed),,0.9800000000000001,187.07628648983263,195.4511918189451,2163.193738210783,0.7304945209347649,0.0007494105900696715,0.07999999999999996,8.0,19.426679276856326,0.483298625572678,820.7407222530177,0.8823361099541858
113,fl_imdr,FL-IMDR (proposed),,0.9800000000000001,185.4409930951019,195.48713389547686,2176.4598709357497,0.7284141891254058,0.00021063061307019618,0.07999999999999996,8.0,27.933579639936976,0.46653477717617664,984.5217984367433,0.8836772178259059
114,fl_imdr,FL-IMDR (proposed),,0.9800000000000001,182.24704903346455,193.9537779509848,2166.3369329755587,0.7310365532347076,0.0004850298926463451,0.07999999999999996,8.0,22.12359488753311,0.4687421907538526,1147.2594339169846,0.8835006247396917
115,fl_imdr,FL-IMDR (proposed),,0.9800000000000001,183.8825854232196,194.59121222963915,2166.3287341073824,0.7237713933610037,0.00018953922305707584,0.07999999999999996,8.0,28.59120233801617,0.40814244064972927,1049.445427029114,0.8883486047480217
116,fl_imdr,FL-IMDR (proposed),,0.9800000000000001,183.99413455849458,195.48552644372904,2217.315366561329,0.7289401700616023,0.00023465694380252205,0.07999999999999996,8.0,22.49549878364459,0.4902540608079967,1126.156404752976,0.8817796751353603
117,fl_imdr,FL-IMDR (proposed),,0.9800000000000001,184.81103046926384,197.8193190955097,2147.751179228983,0.7173606596132845,0.00020748860949300205,0.07999999999999996,8.0,24.195554997196357,0.4189087880049979,1274.8122853720931,0.8874872969596002
118,fl_imdr,FL-IMDR (proposed),,0.9800000000000001,186.3659335133657,196.04096695939836,2194.4126242823872,0.7306954703735863,0.00030312136801116424,0.07999999999999996,8.0,19.70384901117631,0.4880674718867139,948.1532777112019,0.8819546022490629
119,fl_imdr,FL-IMDR (proposed),,0.9800000000000001,185.47950330682616,193.49272286510757,2119.807700484643,0.734439839436988,0.00019779703604733617,0.07999999999999996,8.0,23.606258622469774,0.4769887546855477,785.2955167115786,0.8828408996251561
120,fl_imdr,FL-IMDR (proposed),,0.9800000000000001,180.76763662134982,193.25176723261652,2127.1138129758397,0.723714051693841,0.0001782452152138203,0.07999999999999996,8.0,18.44890117378888,0.4416284881299458,1223.444799904137,0.8856697209496044
121,fl_imdr,FL-IMDR (proposed),,0.9800000000000001,182.0849610416683,190.7117998226813,2157.2766567636,0.7476933282705092,0.00020262756201142523,0.07999999999999996,8.0,29.827869021858863,0.525926697209496,845.4302005392726,0.8789258642232403
122,fl_imdr,FL-IMDR (proposed),,0.9800000000000001,183.0437262255231,198.79184113753604,2191.0637182078076,0.7093042925820173,0.00017493205928543313,0.07999999999999996,8.0,16.578215100895058,0.37840483132028324,1543.3152613772668,0.8907276134943773
123,fl_imdr,FL-IMDR (proposed),,0.9800000000000001,182.9562991402584,195.7704229254612,2141.1445343223327,0.7198752147274095,0.00024152380557088815,0.07999999999999996,8.0,15.376583329429291,0.43769262807163684,1255.7841309498713,0.8859845897542691
124,fl_imdr,FL-IMDR (proposed),,0.9800000000000001,185.46651627304112,194.63689505556846,2125.267057861753,0.7325039878199304,0.00018740165686657667,0.07999999999999996,8.0,25.54129502030515,0.45010412328196586,898.6971206876742,0.8849916701374427
125,fl_imdr,FL-IMDR (proposed),,0.9800000000000001,186.38604321816544,196.40136725338797,2167.7552412206005,0.7243046814531038,0.00020801477019514797,0.07999999999999996,8.0,22.35272599048141,0.4636817992503124,981.5017554518084,0.8839054560599751
126,fl_imdr,FL-IMDR (proposed),,0.9800000000000001,186.64094978783436,195.67404592821316,2158.600548220455,0.7293121965411626,0.00025160971685423317,0.07999999999999996,8.0,24.975121496866844,0.46147438567263643,885.243421757121,0.884082049146189
127,fl_imdr,FL-IMDR (proposed),,0.9800000000000001,182.71360681139572,194.63998041267607,2179.9119014788675,0.7342143592481523,0.000188659641957643,0.07999999999999996,8.0,16.05358592445877,0.4933152852977926,1168.7846129254763,0.8815347771761765
128,fl_imdr,FL-IMDR (proposed),,0.9800000000000001,184.05157779946245,193.09652709095235,2140.746892820303,0.7296774684342942,0.0002486277102718202,0.07199999999999998,7.2,23.04238210835681,0.47051228654727195,886.40503056601,0.8853590170762182
129,fl_imdr,FL-IMDR (proposed),,0.9800000000000001,184.28527089496913,198.8134323393062,2206.2235684301427,0.7091897149065403,0.00019046975534106232,0.07999999999999996,8.0,20.58357096821766,0.3909829237817576,1423.759821545032,0.8897213660974593
130,fl_imdr,FL-IMDR (proposed),,0.9800000000000001,186.64676355746195,193.5724790974869,2157.8500865004075,0.7330701385843424,0.0002455526742286239,0.07999999999999996,8.0,19.182806419291335,0.4549979175343607,678.7201229224459,0.8846001665972512
131,fl_imdr,FL-IMDR (proposed),,0.9800000000000001,186.013740635668,193.22491613313122,2136.059637056401,0.7419820996701827,0.0001469054793940314,0.07999999999999996,8.0,28.43769901654166,0.5178883798417326,706.6951987513951,0.8795689296126614
132,fl_imdr,FL-IMDR (proposed),,0.9800000000000001,188.16556060126058,196.39762439925767,2165.0730276944014,0.7286271086230964,0.00022787683123697607,0.07999999999999996,8.0,20.431063025630003,0.46609745939192004,806.742252203716,0.8837122032486464
133,fl_imdr,FL-IMDR (proposed),,0.9800000000000001,186.97612350781537,196.65357838545793,2143.3258925321265,0.7291264099576853,0.0002436110053828009,0.07999999999999996,8.0,19.418142176214953,0.47569762598917115,948.3905780089701,0.8829441899208662
134,fl_imdr,FL-IMDR (proposed),,0.9800000000000001,185.60678727365433,197.40391106413452,2193.2524199078557,0.724221995122896,0.00016583398254276213,0.07999999999999996,8.0,23.211348081185935,0.4546230737192836,1156.1181314670555,0.8846301541024573
135,fl_imdr,FL-IMDR (proposed),,0.9800000000000001,182.82895836346972,195.10327550736247,2132.007103425174,0.7219367346969597,0.000207944418383155,0.07999999999999996,8.0,25.230290537295975,0.4373802582257393,1202.8830801014872,0.8860095793419408
136,fl_imdr,FL-IMDR (proposed),,0.9800000000000001,183.51335056489603,196.1998512741793,2153.012320634131,0.7214753516518556,0.00016406845086437604,0.07999999999999996,8.0,15.050373593222167,0.4530195751770096,1243.27706950976,0.8847584339858392
137,fl_imdr,FL-IMDR (proposed),,0.9800000000000001,186.43308111773115,196.971940655722,2179.7533037977964,0.728113601653183,0.00017468288010575507,0.07999999999999996,8.0,22.04403463430213,0.48575593502707204,1032.8082347231011,0.8821395251978341
138,fl_imdr,FL-IMDR (proposed),,0.9800000000000001,189.0678864678705,197.51892808907644,2200.031625806909,0.7287586315623618,0.0008045898632663943,0.07999999999999996,8.0,26.67253588658442,0.4810495626822158,828.2020788781808,0.8825160349854227
139,fl_imdr,FL-IMDR (proposed),,0.9800000000000001,185.97547438687963,191.4347374659672,2120.2618295889342,0.746229112476047,0.0002688725461544435,0.06,6.0,37.53942232033796,0.5329237817576009,535.0077817505834,0.8833660974593919
140,fl_imdr,FL-IMDR (proposed),,0.9800000000000001,183.17909104312872,194.1466840934799,2141.9923339896145,0.7317209803028167,0.00018985438892696633,0.07999999999999996,8.0,19.39290062809692,0.4543315285297792,1074.8241189344174,0.8846534777176176
141,fl_imdr,FL-IMDR (proposed),,0.9800000000000001,180.62096252075227,191.66038623560758,2125.4709922892166,0.7349191703918317,0.0002849981869579035,0.07999999999999996,8.0,20.368944093977053,0.44947938359017076,1081.8635240558174,0.8850416493127863
142,fl_imdr,FL-IMDR (proposed),,0.9800000000000001,186.3475153826258,199.277760729749,2176.1060104992534,0.7212212315201312,0.00016307356705615866,0.07999999999999996,8.0,19.160005394272353,0.4636609745939192,1267.1640440180709,0.8839071220324864
143,fl_imdr,FL-IMDR (proposed),,0.9800000000000001,185.02251301951222,196.07460768531547,2183.5964666590276,0.7254805940018498,0.00017201952251361577,0.07999999999999996,8.0,22.803736772297544,0.4378800499791753,1083.105277248718,0.885969596001666
144,fl_imdr,FL-IMDR (proposed),,0.9800000000000001,186.20546233542353,197.8847000466946,2181.7111215684736,0.7290861478719589,0.00016767139498586123,0.07999999999999996,8.0,20.127323278520745,0.5166389004581424,1144.5652957045645,0.8796688879633485
145,fl_imdr,FL-IMDR (proposed),,0.9800000000000001,179.18734637687905,196.2190223698107,2167.2636681909034,0.7213491501214228,0.0001630231767621877,0.07999999999999996,8.0,10.966904664744566,0.4383590170762182,1669.1042473073005,0.8859312786339025
146,fl_imdr,FL-IMDR (proposed),,0.9800000000000001,181.24142815727527,194.92171381284084,2158.0941802626903,0.7210959249263086,0.00015853237071498206,0.07999999999999996,8.0,17.814831753852722,0.4420241566014161,1340.667994245428,0.8856380674718867
147,fl_imdr,FL-IMDR (proposed),,0.9800000000000001,187.4650998395117,196.78797723621602,2158.68316734901,0.7296836035497688,0.00019744295077998497,0.07999999999999996,8.0,19.671642583897285,0.4567263640149938,913.6419848770222,0.8844618908788003
148,fl_imdr,FL-IMDR (proposed),,0.9800000000000001,181.10820849624335,195.25384396189446,2222.719502638549,0.7286886851325326,0.00016934135970358662,0.07999999999999996,8.0,17.135068537058267,0.4424198250728863,1386.2722756338085,0.8856064139941691
149,fl_imdr,FL-IMDR (proposed),,0.9800000000000001,183.88254700143278,194.66577043136843,2175.1046778302807,0.7266061600506573,0.00018840422951496723,0.07999999999999996,8.0,21.30658402406374,0.4364223240316535,1056.7558961336922,0.8860862140774677
150,fl_imdr,FL-IMDR (proposed),,0.9800000000000001,179.82647648141065,192.90532343597135,2144.874164258691,0.7237337878739758,0.00021131653106909925,0.07999999999999996,8.0,17.742109914125113,0.4212411495210329,1281.7270015469483,0.8873007080383173
101,piontkowski_small_portfolio,Piontkowski small-portfolio-aligned (2025),Piontkowski2025,0.643,194.51570123187895,194.51570123187895,1617.3842601763176,0.752347209690268,0.00015108154162934198,0.7,77.2,44.26989468735309,0.7341851432628907,0.0,0.5556151885389687
102,piontkowski_small_portfolio,Piontkowski small-portfolio-aligned (2025),Piontkowski2025,0.655,196.7529102647118,196.7529102647118,1677.6215402571368,0.7463220067611368,0.00017017345433264637,0.4720000000000001,58.8,38.99314763855627,0.7172975755609565,0.0,0.6193661939551235
103,piontkowski_small_portfolio,Piontkowski small-portfolio-aligned (2025),Piontkowski2025,0.702,197.1856881096131,197.1856881096131,1778.159321069726,0.7415718511138716,0.00016017121775655792,0.516,60.8,45.36181083828451,0.6770921738285487,0.0,0.632732626093716
104,piontkowski_small_portfolio,Piontkowski small-portfolio-aligned (2025),Piontkowski2025,0.628,192.72019133656875,192.72019133656875,1552.0372064428957,0.7516910823341317,0.00014196781096617708,0.636,71.6,50.34068410495057,0.6785442696924651,0.0,0.5693164584246028
105,piontkowski_small_portfolio,Piontkowski small-portfolio-aligned (2025),Piontkowski2025,0.643,195.8178633080647,195.8178633080647,1575.054346433321,0.7492972602886866,0.00014584406749525644,0.6439999999999999,70.0,53.96412596037364,0.7550569823715633,0.0,0.5679454414102749
106,piontkowski_small_portfolio,Piontkowski small-portfolio-aligned (2025),Piontkowski2025,0.719,194.13149003911394,194.13149003911394,1803.5031407434901,0.7565599156933086,0.0001492579889424435,0.6759999999999999,68.0,43.666430609268176,0.8120419897058575,0.0,0.5895866408235314
107,piontkowski_small_portfolio,Piontkowski small-portfolio-aligned (2025),Piontkowski2025,0.665,195.81606115680995,195.81606115680995,1684.938546901542,0.7419129728065699,0.00014715629277197985,0.504,60.8,41.964829057080195,0.6416919672519413,0.0,0.6219146426198447
108,piontkowski_small_portfolio,Piontkowski small-portfolio-aligned (2025),Piontkowski2025,0.738,192.94225752767028,192.94225752767028,1848.1942725701028,0.7528492818766888,0.00015117722724842836,0.532,54.8,50.540184942170384,0.7078256244560152,0.0,0.6424739500435188
109,piontkowski_small_portfolio,Piontkowski small-portfolio-aligned (2025),Piontkowski2025,0.641,193.1601041614982,193.1601041614982,1567.8938558569876,0.7548086771420706,0.00015536580162619964,0.744,75.2,45.57015900720427,0.7330191564246357,0.0,0.5438084674860292
110,piontkowski_small_portfolio,Piontkowski small-portfolio-aligned (2025),Piontkowski2025,0.642,197.72333290904052,197.72333290904052,1669.1205011899442,0.7413568207279039,0.00014902359788324443,0.568,65.6,46.83481325697586,0.6924992853945647,0.0,0.5915000571684348
111,piontkowski_small_portfolio,Piontkowski small-portfolio-aligned (2025),Piontkowski2025,0.646,191.25581175072838,191.25581175072838,1605.9534305437278,0.7561675841654357,0.00016757382314057023,0.7,73.6,51.149194972597726,0.6932315433400337,0.0,0.5602414765327973
112,piontkowski_small_portfolio,Piontkowski small-portfolio-aligned (2025),Piontkowski2025,0.726,195.7676325323286,195.7676325323286,1818.8512229104817,0.7466042263019009,0.00015356394402546092,0.504,57.6,44.53168311008223,0.7049935111627257,0.0,0.6443005191069819
113,piontkowski_small_portfolio,Piontkowski small-portfolio-aligned (2025),Piontkowski2025,0.6990000000000001,195.13799377956212,195.13799377956212,1763.212412864291,0.7470010540143494,0.00015575438720068772,0.604,68.4,45.59181740564007,0.7045169085142524,0.0,0.6071886473188599
114,piontkowski_small_portfolio,Piontkowski small-portfolio-aligned (2025),Piontkowski2025,0.656,191.932986733642,191.932986733642,1636.7855930695569,0.7581964051077807,0.00017209454595398305,0.5760000000000001,64.8,48.547328393178454,0.7692476190463382,0.0,0.589660190476293
115,piontkowski_small_portfolio,Piontkowski small-portfolio-aligned (2025),Piontkowski2025,0.63,192.97683557876238,192.97683557876238,1585.1158964555473,0.7480556362326373,0.00017245960379027044,0.568,68.4,52.90461358280038,0.6461831648433455,0.0,0.5898053468125324
116,piontkowski_small_portfolio,Piontkowski small-portfolio-aligned (2025),Piontkowski2025,0.686,195.7529423457756,195.7529423457756,1769.234914330805,0.7494859650631255,0.000138728375704357,0.508,57.2,51.58949600727344,0.7614447796109104,0.0,0.6207844176311271
117,piontkowski_small_portfolio,Piontkowski small-portfolio-aligned (2025),Piontkowski2025,0.627,196.7928906130772,196.7928906130772,1552.1215460991095,0.7436742654328571,0.00015468288562976815,0.568,68.4,50.710882673368744,0.697587560702108,0.0,0.5843429951438314
118,piontkowski_small_portfolio,Piontkowski small-portfolio-aligned (2025),Piontkowski2025,0.71,195.8572837436187,195.8572837436187,1804.0175266755364,0.7498535690412986,0.0001627977765579933,0.5599999999999999,56.8,48.71901732966499,0.7627982005658487,0.0,0.6184761439547322
119,piontkowski_small_portfolio,Piontkowski small-portfolio-aligned (2025),Piontkowski2025,0.706,195.55911325412063,195.55911325412063,1772.0581939344058,0.7482429814023784,0.00016579635877325366,0.4680000000000001,56.4,42.28659326444167,0.7450738819487779,0.0,0.6410940894440978
120,piontkowski_small_portfolio,Piontkowski small-portfolio-aligned (2025),Piontkowski2025,0.581,195.35850645929455,195.35850645929455,1469.3460654380815,0.7514672358663119,0.00014594556033380624,0.5,64.0,47.18834614139347,0.7547486461310897,0.0,0.5760701083095128
121,piontkowski_small_portfolio,Piontkowski small-portfolio-aligned (2025),Piontkowski2025,0.719,190.01999731766392,190.01999731766392,1807.9367268654576,0.7652878781277352,0.00015429487510443854,0.6599999999999999,72.8,46.054296760979355,0.8092781063685329,0.0,0.5938077514905173
122,piontkowski_small_portfolio,Piontkowski small-portfolio-aligned (2025),Piontkowski2025,0.581,192.52656774646616,192.52656774646616,1422.705626123355,0.7498159631617562,0.00017379061482697126,0.788,86.0,55.83848381510121,0.6560073069155902,0.0,0.5119694154467528
123,piontkowski_small_portfolio,Piontkowski small-portfolio-aligned (2025),Piontkowski2025,0.595,194.5003222812072,194.5003222812072,1475.0820081430852,0.7506034411528182,0.0001579829886454747,0.652,76.4,40.3304834584514,0.7312235294226028,0.0,0.5462521176461917
124,piontkowski_small_portfolio,Piontkowski small-portfolio-aligned (2025),Piontkowski2025,0.707,195.1680117145213,195.1680117145213,1788.966268945329,0.7470255259034619,0.00014342652021211055,0.532,60.8,54.531274985994784,0.6803968166734085,0.0,0.6307182546661273
125,piontkowski_small_portfolio,Piontkowski small-portfolio-aligned (2025),Piontkowski2025,0.665,196.2355112354234,196.2355112354234,1699.4367424835903,0.7461303269519094,0.0001566495682713316,0.584,66.8,50.28112607868887,0.7326841963472221,0.0,0.5946352642922222
126,piontkowski_small_portfolio,Piontkowski small-portfolio-aligned (2025),Piontkowski2025,0.697,196.2052061603029,196.2052061603029,1754.9430444265163,0.7454884492865397,0.0001615871420735053,0.508,59.2,47.446394743586964,0.7153769621277981,0.0,0.6294198430297762
127,piontkowski_small_portfolio,Piontkowski small-portfolio-aligned (2025),Piontkowski2025,0.683,193.37897100506126,193.37897100506126,1725.3382818757232,0.7585559500653902,0.00017835868521631572,0.7,72.8,54.1999899601512,0.8127406900706315,0.0,0.5673307447943495
128,piontkowski_small_portfolio,Piontkowski small-portfolio-aligned (2025),Piontkowski2025,0.678,192.74390480522166,192.74390480522166,1693.3500559636716,0.7525190605916541,0.00015165111774861141,0.6439999999999999,71.2,50.4655448146382,0.7080332921542737,0.0,0.5874573366276581
129,piontkowski_small_portfolio,Piontkowski small-portfolio-aligned (2025),Piontkowski2025,0.594,193.92208963915112,193.92208963915112,1475.3040799555197,0.7438177227356831,0.0001451010387502073,0.748,81.6,53.21328881476127,0.610735694608999,0.0,0.5314411444312801
130,piontkowski_small_portfolio,Piontkowski small-portfolio-aligned (2025),Piontkowski2025,0.732,195.2695879514764,195.2695879514764,1851.979311220272,0.7428626667845364,0.00015367196614408517,0.488,53.6,39.05511623047021,0.6360876935293075,0.0,0.6565129845176554
131,piontkowski_small_portfolio,Piontkowski small-portfolio-aligned (2025),Piontkowski2025,0.738,193.5229104768337,193.5229104768337,1829.1881320214184,0.7543691022436532,0.00014168960835086466,0.484,51.6,48.884451361666805,0.7633678440912873,0.0,0.650030572472697
132,piontkowski_small_portfolio,Piontkowski small-portfolio-aligned (2025),Piontkowski2025,0.697,196.31324250100994,196.31324250100994,1762.2114790829044,0.7454650739233574,0.0001545127858592358,0.6599999999999999,70.4,43.640647398547415,0.7039046871365414,0.0,0.5923376250290767
133,piontkowski_small_portfolio,Piontkowski small-portfolio-aligned (2025),Piontkowski2025,0.706,195.80637846546523,195.80637846546523,1779.2222649929568,0.7485086147115348,0.0001545765623013193,0.6679999999999999,70.8,40.47163572372354,0.7116454812692348,0.0,0.5937683614984612
134,piontkowski_small_portfolio,Piontkowski small-portfolio-aligned (2025),Piontkowski2025,0.666,197.38752218252722,197.38752218252722,1689.6225783570637,0.747124273813301,0.00015441270739020467,0.5960000000000001,70.4,57.241702916169594,0.7498880165261406,0.0,0.5907089586779087
135,piontkowski_small_portfolio,Piontkowski small-portfolio-aligned (2025),Piontkowski2025,0.637,196.33047246604357,196.33047246604357,1606.1594655053234,0.7428888024539223,0.00015408370793881072,0.5,54.4,52.88734856103739,0.6759404833238201,0.0,0.6075747613340944
136,piontkowski_small_portfolio,Piontkowski small-portfolio-aligned (2025),Piontkowski2025,0.646,196.58383051701276,196.58383051701276,1649.261948847719,0.7466407984771423,0.00014832222077795302,0.6,64.8,44.19738275262544,0.7356326828255388,0.0,0.5818493853739569
137,piontkowski_small_portfolio,Piontkowski small-portfolio-aligned (2025),Piontkowski2025,0.692,196.45637147205804,196.45637147205804,1769.251892175596,0.7474618038088454,0.00015902777287640386,0.536,61.6,48.13049242073495,0.75773523967699,0.0,0.6167811808258408
138,piontkowski_small_portfolio,Piontkowski small-portfolio-aligned (2025),Piontkowski2025,0.714,197.10695577292407,197.10695577292407,1831.6429730282132,0.7473197286526233,0.00014917151282095326,0.508,60.8,50.712748173253466,0.7548835702801793,0.0,0.6339093143775856
139,piontkowski_small_portfolio,Piontkowski small-portfolio-aligned (2025),Piontkowski2025,0.78,190.80840479304607,190.80840479304607,1895.7696422491658,0.758044349438755,0.00016803562064934455,0.48,50.0,54.642560709791745,0.7379257546594459,0.0,0.6719659396272444
140,piontkowski_small_portfolio,Piontkowski small-portfolio-aligned (2025),Piontkowski2025,0.696,195.4072871540881,195.4072871540881,1739.1269108572137,0.7478329081528106,0.00014565127269627545,0.532,61.6,49.80265455725678,0.6992258758307287,0.0,0.6242619299335417
141,piontkowski_small_portfolio,Piontkowski small-portfolio-aligned (2025),Piontkowski2025,0.632,192.88286207127808,192.88286207127808,1581.7900193409446,0.7569339944064952,0.00017069681492630669,0.568,69.2,46.65207782499398,0.7736444725232794,0.0,0.5805084421981377
142,piontkowski_small_portfolio,Piontkowski small-portfolio-aligned (2025),Piontkowski2025,0.678,199.7805191885804,199.7805191885804,1733.4265321919406,0.73984713619761,0.00016445074452710735,0.46799999999999997,56.8,46.77569670016641,0.7579343271228032,0.0,0.6274652538301757
143,piontkowski_small_portfolio,Piontkowski small-portfolio-aligned (2025),Piontkowski2025,0.661,193.7288364841168,193.7288364841168,1658.0609132026577,0.7501049033828312,0.00014776365867337718,0.6,68.0,44.73046584820004,0.7049852745077835,0.0,0.5910511780393773
144,piontkowski_small_portfolio,Piontkowski small-portfolio-aligned (2025),Piontkowski2025,0.7070000000000001,197.14615434664128,197.14615434664128,1795.8962942579885,0.750252769429549,0.00016132012151434476,0.6439999999999999,66.8,54.91168952059015,0.8338436071911183,0.0,0.5904425114247106
145,piontkowski_small_portfolio,Piontkowski small-portfolio-aligned (2025),Piontkowski2025,0.597,192.4760595032827,192.4760595032827,1479.3877729432002,0.7612504353345854,0.0001697564967899444,0.752,79.2,48.157770031259155,0.8308743719130416,0.0,0.5141800502469567
146,piontkowski_small_portfolio,Piontkowski small-portfolio-aligned (2025),Piontkowski2025,0.607,194.2377336058599,194.2377336058599,1523.2327126783443,0.7521596806175631,0.00014863802839772567,0.632,74.4,45.04171955130058,0.7476480430791292,0.0,0.5553381565536697
147,piontkowski_small_portfolio,Piontkowski small-portfolio-aligned (2025),Piontkowski2025,0.72,197.03547543105964,197.03547543105964,1822.3156562485333,0.7441703368067211,0.00015528197508150678,0.496,58.4,44.33817638982518,0.6931038669520928,0.0,0.6445516906438326
148,piontkowski_small_portfolio,Piontkowski small-portfolio-aligned (2025),Piontkowski2025,0.6719999999999999,191.88758673214363,191.88758673214363,1715.0558394001887,0.7564426278387643,0.00014910719176280932,0.784,78.4,49.8126702687206,0.745312019516098,0.0,0.5467750384387122
149,piontkowski_small_portfolio,Piontkowski small-portfolio-aligned (2025),Piontkowski2025,0.637,195.3403836756496,195.3403836756496,1619.5638770959727,0.748673583297286,0.0001595762278805312,0.476,62.0,47.3126997637284,0.7135604037274433,0.0,0.6105651677018046
150,piontkowski_small_portfolio,Piontkowski small-portfolio-aligned (2025),Piontkowski2025,0.597,191.2141980427452,191.2141980427452,1493.5447508238087,0.7562561210501928,0.0001530112329539115,0.7,75.2,48.55489834406258,0.7055844946358826,0.0,0.5372032404291295
101,richman_credibility,Richman et al. credibility-aligned (2025),Richman2025,0.637,195.2341822235379,195.2341822235379,1630.1147585976967,0.7409390794569128,0.00015077605490415214,0.704,78.0,43.618757024895636,0.7326979398254924,0.0,0.5520341648139606
102,richman_credibility,Richman et al. credibility-aligned (2025),Richman2025,0.649,197.3699596692658,197.3699596692658,1681.4195468601854,0.7351292565568837,0.00015957828425385983,0.476,59.6,38.02438657886688,0.719338404583508,0.0,0.6155029276333194
103,richman_credibility,Richman et al. credibility-aligned (2025),Richman2025,0.702,198.05136662603084,198.05136662603084,1809.6768591616533,0.7296283920058835,0.00015689514946079391,0.52,60.8,45.79111882733734,0.6796528213947549,0.0,0.6315277742884196
104,richman_credibility,Richman et al. credibility-aligned (2025),Richman2025,0.624,193.54756522168685,193.54756522168685,1565.572524220448,0.7413422897853053,0.00014024610641159802,0.644,72.8,52.22297106819892,0.698721581242016,0.0,0.5639022735006387
105,richman_credibility,Richman et al. credibility-aligned (2025),Richman2025,0.634,196.37854483263766,196.37854483263766,1576.8515264813257,0.7380937465090749,0.00015480577902328468,0.6639999999999999,72.0,52.91681152117026,0.7517055602481945,0.0,0.5591635551801445
106,richman_credibility,Richman et al. credibility-aligned (2025),Richman2025,0.714,194.92029507384945,194.92029507384945,1820.8607783082705,0.7453800188939744,0.00015095664111844807,0.6839999999999999,68.8,43.44979614693638,0.8227057406406898,0.0,0.5844835407487448
107,richman_credibility,Richman et al. credibility-aligned (2025),Richman2025,0.656,196.4587002689748,196.4587002689748,1689.103566060241,0.7313666860341635,0.00015087767503847157,0.532,64.0,41.76344363677758,0.6533034381384332,0.0,0.6099357249489253
108,richman_credibility,Richman et al. credibility-aligned (2025),Richman2025,0.73,193.6829369371631,193.6829369371631,1853.313056895645,0.7417131979022809,0.00017831164984728062,0.54,55.6,50.15883651534199,0.7080459882121898,0.0,0.6368563209430248
109,richman_credibility,Richman et al. credibility-aligned (2025),Richman2025,0.637,193.99081592296326,193.99081592296326,1587.6063020633032,0.7434623270520613,0.0001513538504173527,0.748,75.6,45.7969976341502,0.7388810777943993,0.0,0.5405395137764482
110,richman_credibility,Richman et al. credibility-aligned (2025),Richman2025,0.638,198.25728827341152,198.25728827341152,1678.6779759585922,0.7302413693260215,0.00015628384274021215,0.5720000000000001,66.8,47.13383534383712,0.6983479196813651,0.0,0.5882321664254908
111,richman_credibility,Richman et al. credibility-aligned (2025),Richman2025,0.637,192.10815172749156,192.10815172749156,1611.0304680995928,0.7458126259580269,0.0001652599007741818,0.724,76.0,52.10066119672673,0.7152744382277205,0.0,0.5484280449417824
112,richman_credibility,Richman et al. credibility-aligned (2025),Richman2025,0.725,196.4105453053948,196.4105453053948,1845.5540055686197,0.7350081589998962,0.00014992955845728224,0.512,58.4,44.37001843387266,0.7048206481169201,0.0,0.6418643481506463
113,richman_credibility,Richman et al. credibility-aligned (2025),Richman2025,0.695,195.8446443564041,195.8446443564041,1778.1939330324544,0.73577982142528,0.00015343697590781182,0.616,69.6,45.29971375071361,0.7056800003965745,0.0,0.602295599968274
114,richman_credibility,Richman et al. credibility-aligned (2025),Richman2025,0.65,192.86038838102385,192.86038838102385,1646.4926922151196,0.746532359735495,0.0001739298551863749,0.5680000000000001,65.2,48.23161331517635,0.7699302197200038,0.0,0.5889055824223998
115,richman_credibility,Richman et al. credibility-aligned (2025),Richman2025,0.619,193.37632428957997,193.37632428957997,1576.1918834113617,0.7385733163130569,0.0001668289327845062,0.592,70.8,52.478725645999916,0.657150285808768,0.0,0.5779779771352985
116,richman_credibility,Richman et al. credibility-aligned (2025),Richman2025,0.683,196.38497704097054,196.38497704097054,1785.6649330568787,0.7377622401264547,0.00013889684969560127,0.508,57.2,50.59231751947215,0.7561302113176572,0.0,0.6198595830945874
117,richman_credibility,Richman et al. credibility-aligned (2025),Richman2025,0.617,197.28822047136458,197.28822047136458,1554.2827240532997,0.7323542704636099,0.0001472134524837018,0.584,70.4,49.23280833756543,0.6982961650915789,0.0,0.5757863067926736
118,richman_credibility,Richman et al. credibility-aligned (2025),Richman2025,0.706,196.63390419846297,196.63390419846297,1822.193911894167,0.7381282268895772,0.00016349119957435233,0.5640000000000001,57.6,47.55933783541413,0.7599250046415164,0.0,0.6159059996286788
119,richman_credibility,Richman et al. credibility-aligned (2025),Richman2025,0.6990000000000001,196.3276198197843,196.3276198197843,1784.0529401238593,0.7372870250238358,0.0001586418119352406,0.4720000000000001,57.6,41.409949887035104,0.7488162678050388,0.0,0.6366446985755969
120,richman_credibility,Richman et al. credibility-aligned (2025),Richman2025,0.5700000000000001,196.36071339957496,196.36071339957496,1461.6670499991842,0.7408668458679449,0.00015249547467095556,0.484,65.2,47.050892830395505,0.7691006042225903,0.0,0.5739719516621928
121,richman_credibility,Richman et al. credibility-aligned (2025),Richman2025,0.716,190.8339051643693,190.8339051643693,1828.4564435625591,0.7538430793593948,0.00015212933327118827,0.6639999999999999,73.2,45.241073312062305,0.8092719185398931,0.0,0.5914582465168086
122,richman_credibility,Richman et al. credibility-aligned (2025),Richman2025,0.576,193.2353841032455,193.2353841032455,1432.5036228449123,0.737973170149746,0.0001846555603748714,0.788,86.4,54.70324093995191,0.6515227193960588,0.0,0.5100781824483154
123,richman_credibility,Richman et al. credibility-aligned (2025),Richman2025,0.5900000000000001,195.31618233944107,195.31618233944107,1485.8771847556704,0.7398284543548787,0.00015537653292800862,0.6599999999999999,77.2,41.352090050233905,0.7458929481043584,0.0,0.5408285641516513
124,richman_credibility,Richman et al. credibility-aligned (2025),Richman2025,0.704,195.7219407147464,195.7219407147464,1804.1723133475145,0.7351283332735683,0.00014349310138903797,0.536,61.2,54.11351928295282,0.6702924719698331,0.0,0.6291766022424133
125,richman_credibility,Richman et al. credibility-aligned (2025),Richman2025,0.658,196.62319196903178,196.62319196903178,1703.0656515335443,0.7348829697864986,0.00016100062660331818,0.6,69.2,47.90189453109898,0.7213954401135941,0.0,0.5883883647909125
126,richman_credibility,Richman et al. credibility-aligned (2025),Richman2025,0.687,196.74280346716745,196.74280346716745,1755.2252427658811,0.7340090102375976,0.00016362129785364596,0.524,61.6,47.08067111261768,0.7139712356945271,0.0,0.6210323011444379
127,richman_credibility,Richman et al. credibility-aligned (2025),Richman2025,0.682,193.68446941371025,193.68446941371025,1743.0814706115648,0.7461601197057511,0.00016460581996652964,0.704,73.2,50.324640683364294,0.7770806210946232,0.0,0.5687335503124302
128,richman_credibility,Richman et al. credibility-aligned (2025),Richman2025,0.674,193.0311404619145,193.0311404619145,1700.1415066532932,0.7407487080432809,0.00015116442619910112,0.6479999999999999,71.6,48.57022406692321,0.685123370161204,0.0,0.5864901303871036
129,richman_credibility,Richman et al. credibility-aligned (2025),Richman2025,0.584,194.3491233217822,194.3491233217822,1474.2674481830054,0.732055196803173,0.00014489933065393076,0.76,83.2,50.836398745514146,0.593934693522268,0.0,0.5252852245182186
130,richman_credibility,Richman et al. credibility-aligned (2025),Richman2025,0.728,196.14007147580043,196.14007147580043,1872.8275241540782,0.7300409114113771,0.00015228741141657152,0.48,53.6,37.82837251934792,0.6182463498987164,0.0,0.6581402920081028
131,richman_credibility,Richman et al. credibility-aligned (2025),Richman2025,0.733,194.14094746451894,194.14094746451894,1843.4679940542549,0.7428445367307583,0.00013945885529419673,0.5,53.6,48.01365542365277,0.7553337227534929,0.0,0.6444233021797205
132,richman_credibility,Richman et al. credibility-aligned (2025),Richman2025,0.6910000000000001,196.96431670375983,196.96431670375983,1769.5693714503432,0.734471171605658,0.00015118236634186714,0.6599999999999999,71.2,43.60492380784744,0.7021652527501876,0.0,0.589776779779985
133,richman_credibility,Richman et al. credibility-aligned (2025),Richman2025,0.7,196.733301838827,196.733301838827,1793.9622068293525,0.7370879775559673,0.00015329241069971458,0.6799999999999999,72.4,41.638657796241276,0.7198645087109223,0.0,0.5874108393031262
134,richman_credibility,Richman et al. credibility-aligned (2025),Richman2025,0.663,198.26103496963958,198.26103496963958,1708.672408064398,0.7361131903357331,0.00016275852684945077,0.6,71.2,58.9081500235586,0.7646352592161266,0.0,0.5871791792627099
135,richman_credibility,Richman et al. credibility-aligned (2025),Richman2025,0.625,197.37980449317544,197.37980449317544,1604.0889654044033,0.7320490490035881,0.00016605980700012743,0.488,55.6,52.68830189976332,0.6888485816427558,0.0,0.6041421134685796
136,richman_credibility,Richman et al. credibility-aligned (2025),Richman2025,0.646,197.27577273590055,197.27577273590055,1675.0322668207646,0.7336956890808695,0.0001566654598799949,0.6,64.8,42.91973426546628,0.7190025098976023,0.0,0.5831797992081919
137,richman_credibility,Richman et al. credibility-aligned (2025),Richman2025,0.6809999999999999,197.26671570082908,197.26671570082908,1775.1761794597128,0.7373943704621218,0.00016605476494208586,0.5640000000000001,64.8,49.926334607086005,0.7841351524220627,0.0,0.602719187806235
138,richman_credibility,Richman et al. credibility-aligned (2025),Richman2025,0.709,197.58322460225642,197.58322460225642,1842.3575262896672,0.7368784503677559,0.00014849955989620952,0.52,62.0,50.304482064266246,0.7575016899515062,0.0,0.6284498648038795
139,richman_credibility,Richman et al. credibility-aligned (2025),Richman2025,0.772,191.90667572467046,191.90667572467046,1910.6480586886464,0.7465661245907509,0.00015626320775549035,0.484,51.2,54.41513336706622,0.7486932591963159,0.0,0.6665045392642948
140,richman_credibility,Richman et al. credibility-aligned (2025),Richman2025,0.686,195.90976550687515,195.90976550687515,1736.2050373709103,0.737127165516879,0.00014599702712715285,0.5599999999999999,64.4,49.50149232472527,0.7057882904280702,0.0,0.6122369367657543
141,richman_credibility,Richman et al. credibility-aligned (2025),Richman2025,0.628,193.70614252705806,193.70614252705806,1600.036300281601,0.7452505177202831,0.00015628143412401083,0.576,69.6,46.8155464207674,0.7661382299655319,0.0,0.5773089416027575
142,richman_credibility,Richman et al. credibility-aligned (2025),Richman2025,0.664,200.16989930043476,200.16989930043476,1722.3194226872165,0.73023813110914,0.00017020543163654992,0.508,60.8,46.5672205812279,0.7660526473333372,0.0,0.610515788213333
143,richman_credibility,Richman et al. credibility-aligned (2025),Richman2025,0.653,194.5274610812731,194.5274610812731,1664.4776901898608,0.7388738939722163,0.00015275661710872465,0.616,70.0,43.428381602645395,0.7033725727388278,0.0,0.5835801941808938
144,richman_credibility,Richman et al. credibility-aligned (2025),Richman2025,0.6990000000000001,197.7460980652922,197.7460980652922,1804.4810549859696,0.7392391656759779,0.0001578577735384344,0.6519999999999999,68.4,53.49096800466805,0.8350273387334962,0.0,0.5847478129013203
145,richman_credibility,Richman et al. credibility-aligned (2025),Richman2025,0.596,193.19056581301874,193.19056581301874,1498.1591143985963,0.749235632790881,0.00016089234707140313,0.752,79.2,47.624918395061286,0.8214968833137568,0.0,0.5144802493348994
146,richman_credibility,Richman et al. credibility-aligned (2025),Richman2025,0.602,194.82348735570753,194.82348735570753,1533.913854508178,0.7410058422595274,0.00015083036853654128,0.6519999999999999,76.4,45.72367645107281,0.7466327177651102,0.0,0.5481693825787912
147,richman_credibility,Richman et al. credibility-aligned (2025),Richman2025,0.71,197.91796159197315,197.91796159197315,1825.8328592647817,0.7324621122589071,0.00015038546028709902,0.492,58.8,43.212435768184505,0.6906037926051556,0.0,0.6412516965915875
148,richman_credibility,Richman et al. credibility-aligned (2025),Richman2025,0.6679999999999999,192.4437299079773,192.4437299079773,1728.6064214598803,0.7448319845747006,0.00015096206825118897,0.796,79.6,47.80405338386142,0.7347006191477625,0.0,0.5428239504681791
149,richman_credibility,Richman et al. credibility-aligned (2025),Richman2025,0.634,196.10412292288532,196.10412292288532,1636.4024792453804,0.7364049272372801,0.00015849685752761114,0.476,62.4,46.71758066286548,0.7088495155731993,0.0,0.6095920387541441
150,richman_credibility,Richman et al. credibility-aligned (2025),Richman2025,0.589,192.12026986842037,192.12026986842037,1495.7191645325688,0.7452722264659329,0.00016192407697975658,0.692,75.2,48.16178403289315,0.7117056456137951,0.0,0.5351135483508964
101,sun_fhe_crl,Sun et al. FHE-CRL-aligned (2026),Sun2026,0.656,191.87041182374898,191.87041182374898,1594.5054485491426,0.7658288293709303,0.0001519196704438999,0.704,76.4,43.884896156021604,0.72052000902277,0.0,0.5615583992781785
102,sun_fhe_crl,Sun et al. FHE-CRL-aligned (2026),Sun2026,0.668,194.68655352109883,194.68655352109883,1656.708608287479,0.760725831246541,0.00015683629848440962,0.43600000000000005,55.2,40.941984705169205,0.7421772608302243,0.0,0.6322258191335821
103,sun_fhe_crl,Sun et al. FHE-CRL-aligned (2026),Sun2026,0.72,194.93044612143143,194.93044612143143,1767.0127035422624,0.7556185103932085,0.00015252997834550947,0.488,57.6,44.829180689800104,0.6747087926264842,0.0,0.6480232965898812
104,sun_fhe_crl,Sun et al. FHE-CRL-aligned (2026),Sun2026,0.646,190.85999006597962,190.85999006597962,1542.8146818060457,0.7659464551271771,0.00014546020152254044,0.608,68.8,51.60065035930752,0.6999652921049768,0.0,0.5827027766316019
105,sun_fhe_crl,Sun et al. FHE-CRL-aligned (2026),Sun2026,0.661,194.3060610207321,194.3060610207321,1566.8922234296056,0.7627173665121534,0.0001547689736025458,0.6,64.4,55.77507103388329,0.7834322797859564,0.0,0.5847754176171235
106,sun_fhe_crl,Sun et al. FHE-CRL-aligned (2026),Sun2026,0.725,191.88062672134384,191.88062672134384,1757.4848210999378,0.7710428201454007,0.00014791444194818808,0.6559999999999999,66.0,45.17437821490597,0.8269054425076888,0.0,0.5960975645993849
107,sun_fhe_crl,Sun et al. FHE-CRL-aligned (2026),Sun2026,0.686,193.51992873646583,193.51992873646583,1672.2854488006712,0.7556988173621072,0.00014345119477022738,0.48,56.8,43.16633486071381,0.6335549097132713,0.0,0.6380156072229384
108,sun_fhe_crl,Sun et al. FHE-CRL-aligned (2026),Sun2026,0.753,190.29294222262897,190.29294222262897,1810.8757740330916,0.7671130240149344,0.00015627047010527564,0.524,53.2,50.26954181999692,0.6993353795585167,0.0,0.6519031696353187
109,sun_fhe_crl,Sun et al. FHE-CRL-aligned (2026),Sun2026,0.654,190.88770951617934,190.88770951617934,1537.6893728396426,0.7689614833789816,0.0001574279440897688,0.736,74.4,47.22400883216472,0.7419309011206929,0.0,0.5509455279103446
110,sun_fhe_crl,Sun et al. FHE-CRL-aligned (2026),Sun2026,0.658,195.37175278231194,195.37175278231194,1652.929337391592,0.7550812501002115,0.0001437205810311402,0.548,62.0,47.41343374527604,0.6856306044922629,0.0,0.604249551640619
111,sun_fhe_crl,Sun et al. FHE-CRL-aligned (2026),Sun2026,0.668,189.4586468977481,189.4586468977481,1615.8916111137212,0.7700305867233107,0.00016122357289819608,0.6719999999999999,70.4,54.36849649981542,0.7244110234297854,0.0,0.5746471181256172
112,sun_fhe_crl,Sun et al. FHE-CRL-aligned (2026),Sun2026,0.751,193.39962833894418,193.39962833894418,1814.7943920096252,0.7601893021172836,0.00014676439545718457,0.496,55.6,45.528309293495056,0.6966500684613774,0.0,0.6582179945230898
113,sun_fhe_crl,Sun et al. FHE-CRL-aligned (2026),Sun2026,0.715,192.9478249644556,192.9478249644556,1750.6930300914523,0.7613649280180143,0.00015314058028117225,0.604,67.2,46.95941587002265,0.7009842874907328,0.0,0.6146712570007413
114,sun_fhe_crl,Sun et al. FHE-CRL-aligned (2026),Sun2026,0.667,189.42811262288237,189.42811262288237,1603.0927541666638,0.7723083792263987,0.00018043204243234495,0.5680000000000001,64.0,49.05015123626921,0.7632057484527449,0.0,0.5970935401237804
115,sun_fhe_crl,Sun et al. FHE-CRL-aligned (2026),Sun2026,0.643,190.6221657974229,190.6221657974229,1558.9099419801119,0.7636462025856294,0.00016842652799796068,0.5680000000000001,67.2,53.80471721752813,0.6621474564573656,0.0,0.5943782034834107
116,sun_fhe_crl,Sun et al. FHE-CRL-aligned (2026),Sun2026,0.694,193.3322997847609,193.3322997847609,1730.737761133922,0.76427349975625,0.00015008654878804958,0.512,56.8,52.333459433711674,0.7801823032535428,0.0,0.6218854157397166
117,sun_fhe_crl,Sun et al. FHE-CRL-aligned (2026),Sun2026,0.648,195.09268952091048,195.09268952091048,1559.0655480161818,0.7577874156348974,0.00015025541006887772,0.532,63.2,51.46118739729006,0.7202340655106821,0.0,0.6009812747591454
118,sun_fhe_crl,Sun et al. FHE-CRL-aligned (2026),Sun2026,0.727,193.27698529785113,193.27698529785113,1778.133082375853,0.7630217399966233,0.00016857428691743298,0.54,54.4,48.10816265090689,0.7461895427181084,0.0,0.6324548365825513
119,sun_fhe_crl,Sun et al. FHE-CRL-aligned (2026),Sun2026,0.717,193.03119183510614,193.03119183510614,1729.5696197149616,0.7629102716660121,0.00015940560469172318,0.45199999999999996,54.4,42.639713040321965,0.7350512383646388,0.0,0.6508459009308288
120,sun_fhe_crl,Sun et al. FHE-CRL-aligned (2026),Sun2026,0.592,192.88703104842585,192.88703104842585,1439.5208214996808,0.7658326145954673,0.00015052571683948972,0.5,63.2,47.92511311108599,0.7647373493785458,0.0,0.5802210120497163
121,sun_fhe_crl,Sun et al. FHE-CRL-aligned (2026),Sun2026,0.728,187.50983679063114,187.50983679063114,1768.3728669850348,0.7795324279488084,0.0001501720684858539,0.6639999999999999,72.8,45.863103485779426,0.8142510934697784,0.0,0.5964599125224177
122,sun_fhe_crl,Sun et al. FHE-CRL-aligned (2026),Sun2026,0.602,190.1441330053995,190.1441330053995,1436.351039170225,0.7631469202795503,0.00017528296926434185,0.784,84.4,55.88259584202708,0.6429461057147928,0.0,0.5234643115428166
123,sun_fhe_crl,Sun et al. FHE-CRL-aligned (2026),Sun2026,0.613,192.2889630253866,192.2889630253866,1465.4119544580258,0.7648710687697189,0.00015789329678633925,0.644,74.4,44.57697470735061,0.7487723108853512,0.0,0.5549482151291719
124,sun_fhe_crl,Sun et al. FHE-CRL-aligned (2026),Sun2026,0.717,192.72388147152805,192.72388147152805,1747.900004784998,0.7633153285441618,0.0001465604967873819,0.536,60.0,55.561733004256084,0.7097251214945467,0.0,0.6318719902804363
125,sun_fhe_crl,Sun et al. FHE-CRL-aligned (2026),Sun2026,0.679,194.36738775357816,194.36738775357816,1681.009853210015,0.7606026627674924,0.00017475894773722654,0.548,63.2,51.80622442003412,0.7515125084561708,0.0,0.6084289993235064
126,sun_fhe_crl,Sun et al. FHE-CRL-aligned (2026),Sun2026,0.708,193.88972088424424,193.88972088424424,1724.6087219518708,0.7603258462394112,0.00016238657895405187,0.5,57.6,47.89234797233574,0.7214536395776159,0.0,0.6358837088337908
127,sun_fhe_crl,Sun et al. FHE-CRL-aligned (2026),Sun2026,0.697,190.58618333457508,190.58618333457508,1697.1665106390967,0.771786275483866,0.00016258899223537082,0.696,72.0,51.8124575522588,0.7842841789024544,0.0,0.5769072656878037
128,sun_fhe_crl,Sun et al. FHE-CRL-aligned (2026),Sun2026,0.6990000000000001,190.37331909845074,190.37331909845074,1678.3487951915752,0.765669413301525,0.00015272932042606458,0.616,66.8,50.08506318552388,0.6996831612967985,0.0,0.6045753470962562
129,sun_fhe_crl,Sun et al. FHE-CRL-aligned (2026),Sun2026,0.617,192.46108450647316,192.46108450647316,1484.787704297363,0.7560475984102625,0.00014320316473102808,0.692,75.6,52.39599680929992,0.6129144511869574,0.0,0.5556168439050434
130,sun_fhe_crl,Sun et al. FHE-CRL-aligned (2026),Sun2026,0.743,193.09939619809847,193.09939619809847,1820.8533684375573,0.758330962156742,0.0001546625498294701,0.492,52.8,39.9101407321568,0.6589433974280647,0.0,0.6586345282057549
131,sun_fhe_crl,Sun et al. FHE-CRL-aligned (2026),Sun2026,0.766,191.42583752736022,191.42583752736022,1834.762609525928,0.766569060980944,0.00014222469005115902,0.41999999999999993,42.8,47.19645642870987,0.7362536678276134,0.0,0.680799706573791
132,sun_fhe_crl,Sun et al. FHE-CRL-aligned (2026),Sun2026,0.709,194.5174776994965,194.5174776994965,1738.6634939393473,0.7601372873658545,0.0001594373098317698,0.62,66.4,45.54601719630672,0.7435143712477565,0.0,0.6045688503001795
133,sun_fhe_crl,Sun et al. FHE-CRL-aligned (2026),Sun2026,0.718,193.42652480795238,193.42652480795238,1747.826072931392,0.763657949058452,0.00015241229295202222,0.6639999999999999,69.6,42.68604397351869,0.7308111134086521,0.0,0.5986351109273078
134,sun_fhe_crl,Sun et al. FHE-CRL-aligned (2026),Sun2026,0.672,195.12221059588651,195.12221059588651,1648.2007773247856,0.7623278273035273,0.00015970595558811594,0.5880000000000001,69.2,57.563543962499864,0.7794780917273447,0.0,0.5930417526618125
135,sun_fhe_crl,Sun et al. FHE-CRL-aligned (2026),Sun2026,0.649,194.08065664806708,194.08065664806708,1585.5809489332858,0.7574668289639435,0.00015216193716723726,0.488,52.8,52.591238086962676,0.6877054529687958,0.0,0.6150335637624964
136,sun_fhe_crl,Sun et al. FHE-CRL-aligned (2026),Sun2026,0.656,194.26553403826233,194.26553403826233,1615.4980312663292,0.7597493681513903,0.00014811713729345646,0.58,62.8,43.42373099229544,0.7310936321282969,0.0,0.5917125094297362
137,sun_fhe_crl,Sun et al. FHE-CRL-aligned (2026),Sun2026,0.704,193.86720724223883,193.86720724223883,1734.1397241133259,0.7609776310384475,0.0001578619603277417,0.516,59.2,47.512734472722606,0.7389984175970186,0.0,0.6286801265922385
138,sun_fhe_crl,Sun et al. FHE-CRL-aligned (2026),Sun2026,0.728,194.23883221627324,194.23883221627324,1795.8695348707079,0.7615768691771342,0.00014460268854432978,0.52,60.0,50.21298969985681,0.7465293400842083,0.0,0.6378776527932633
139,sun_fhe_crl,Sun et al. FHE-CRL-aligned (2026),Sun2026,0.793,188.73065998869293,188.73065998869293,1861.1627408690588,0.7718366523054772,0.0001541591760638032,0.43999999999999995,46.0,53.63904351441762,0.7451337869464393,0.0,0.6872392970442849
140,sun_fhe_crl,Sun et al. FHE-CRL-aligned (2026),Sun2026,0.706,193.1451497112251,193.1451497112251,1704.7947233752063,0.7623179830318628,0.00015359087929598428,0.512,59.2,49.48579941081746,0.7131950037103956,0.0,0.6326443997031683
141,sun_fhe_crl,Sun et al. FHE-CRL-aligned (2026),Sun2026,0.646,190.34181633119434,190.34181633119434,1560.7770057076282,0.7706745004270313,0.00015218917016217068,0.572,68.0,46.6704099675846,0.7618173680060818,0.0,0.5867546105595134
142,sun_fhe_crl,Sun et al. FHE-CRL-aligned (2026),Sun2026,0.6849999999999999,197.78120085453457,197.78120085453457,1697.0804917826204,0.7551005059478585,0.00016156710753477752,0.45200000000000007,55.2,48.3592446865537,0.7855601536684378,0.0,0.632405187706525
143,sun_fhe_crl,Sun et al. FHE-CRL-aligned (2026),Sun2026,0.674,191.50317022989947,191.50317022989947,1635.860507115724,0.7637248700012703,0.00015102605765116608,0.5800000000000001,65.2,44.80453078358208,0.7057344484587513,0.0,0.6018412441232999
144,sun_fhe_crl,Sun et al. FHE-CRL-aligned (2026),Sun2026,0.713,194.87231648287815,194.87231648287815,1751.109530367464,0.7644658380864107,0.00017120164429860926,0.6359999999999999,65.6,55.30741025252392,0.8422459630101651,0.0,0.5944703229591868
145,sun_fhe_crl,Sun et al. FHE-CRL-aligned (2026),Sun2026,0.602,189.7744089041632,189.7744089041632,1438.5469271283187,0.7760044301475177,0.00015465938538415238,0.756,78.8,47.525405292551774,0.8297010145806007,0.0,0.515523918833552
146,sun_fhe_crl,Sun et al. FHE-CRL-aligned (2026),Sun2026,0.617,191.8534698532587,191.8534698532587,1492.0145203659695,0.7664337566771173,0.0001499447424062855,0.628,73.6,46.31275346403928,0.7524164860176017,0.0,0.5604566811185918
147,sun_fhe_crl,Sun et al. FHE-CRL-aligned (2026),Sun2026,0.73,194.89394903030922,194.89394903030922,1783.509255583141,0.7586203921997154,0.00016289932869344663,0.488,57.6,45.629570003708366,0.7115314758005795,0.0,0.6495774819359537
148,sun_fhe_crl,Sun et al. FHE-CRL-aligned (2026),Sun2026,0.682,189.46937777778905,189.46937777778905,1677.5926165315427,0.7708509329224867,0.00015374299250477257,0.76,76.0,49.79650659694015,0.7434305107972609,0.0,0.5574255591362192
149,sun_fhe_crl,Sun et al. FHE-CRL-aligned (2026),Sun2026,0.6599999999999999,193.0229830786063,193.0229830786063,1619.1665214035752,0.7620722229013521,0.0001691588893626524,0.45999999999999996,58.8,48.250305088366765,0.7147050697012214,0.0,0.6248235944239023
150,sun_fhe_crl,Sun et al. FHE-CRL-aligned (2026),Sun2026,0.615,189.02759408250716,189.02759408250716,1491.2708938182345,0.7692521526837728,0.00015115669046539474,0.7,74.0,49.484827727369044,0.6955310813333856,0.0,0.5461075134933291
101,xin_fairness,Xin et al. fairness-aligned (2025),Xin2025,0.712,191.61182055743336,191.61182055743336,1747.8953868367694,0.6960473388693261,0.010039968554702175,0.40800000000000003,51.2,6.919454173497658,0.48854855286288623,0.0,0.6793161157709691
102,xin_fairness,Xin et al. fairness-aligned (2025),Xin2025,0.71,187.01508248863507,187.01508248863507,1645.128216034051,0.7072398054697426,0.010498207795356165,0.27199999999999996,37.2,2.2129066252539245,0.7962475966786242,0.0,0.68780019226571
103,xin_fairness,Xin et al. fairness-aligned (2025),Xin2025,0.761,179.74775113599895,179.74775113599895,1629.4609232542052,0.6789337519096621,0.011198884560019629,0.236,36.8,11.23011686725197,0.7002433464809916,0.0,0.7274305322815207
104,xin_fairness,Xin et al. fairness-aligned (2025),Xin2025,0.688,188.66661845152836,188.66661845152836,1622.4767130141063,0.6966420037991804,0.013400118013749069,0.38,48.0,5.3126881185748545,0.5447509092782247,0.0,0.6710199272577421
105,xin_fairness,Xin et al. fairness-aligned (2025),Xin2025,0.741,183.06684462659626,183.06684462659626,1523.1160760968894,0.7107314211793293,0.016337329158671983,0.36,34.0,2.310350201471812,0.8767269285390833,0.0,0.6733118457168733
106,xin_fairness,Xin et al. fairness-aligned (2025),Xin2025,0.784,185.40505022627525,185.40505022627525,1847.476460548726,0.6767574142938618,0.010979563663247958,0.512,52.4,15.85296657758503,0.33995964096896536,0.0,0.6976032287224828
107,xin_fairness,Xin et al. fairness-aligned (2025),Xin2025,0.75,190.11275296408664,190.11275296408664,1794.5759433869982,0.6922565761963952,0.009241042599999161,0.288,40.4,7.582315878134404,0.6583844141925645,0.0,0.7128292468645949
108,xin_fairness,Xin et al. fairness-aligned (2025),Xin2025,0.79,193.94173249569909,193.94173249569909,2026.3365750368957,0.6844671397008257,0.009522900949903665,0.348,36.4,11.149419840214131,0.31039127509029263,0.0,0.7436686979927767
109,xin_fairness,Xin et al. fairness-aligned (2025),Xin2025,0.657,185.23136760885941,185.23136760885941,1502.8278805565146,0.7088143465072562,0.011038396915704546,0.6479999999999999,68.0,2.3448464521337344,0.9088953120566702,0.0,0.5609383750354664
110,xin_fairness,Xin et al. fairness-aligned (2025),Xin2025,0.674,192.8986765819694,192.8986765819694,1644.129524804074,0.704199084642213,0.01410140456016662,0.272,41.2,2.4238245368657743,0.8367188737740034,0.0,0.6683624900980797
111,xin_fairness,Xin et al. fairness-aligned (2025),Xin2025,0.692,189.93496513302736,189.93496513302736,1701.2190927289364,0.7007178456496659,0.01407584375896583,0.4800000000000001,56.0,3.90733675966471,0.7079840990158935,0.0,0.6347612720787285
112,xin_fairness,Xin et al. fairness-aligned (2025),Xin2025,0.756,186.56008617791377,186.56008617791377,1719.1017686824205,0.7029755542995207,0.010076470542997767,0.248,39.6,2.7300941226171487,0.8059847113123455,0.0,0.7137212230950123
113,xin_fairness,Xin et al. fairness-aligned (2025),Xin2025,0.8039999999999999,190.49778225519557,190.49778225519557,1925.1887343108272,0.6933660023573912,0.00953529336689545,0.332,42.0,3.957097345332829,0.6470237490726094,0.0,0.7270381000741912
114,xin_fairness,Xin et al. fairness-aligned (2025),Xin2025,0.725,191.72256966099928,191.72256966099928,1805.7098534537595,0.6982345777054519,0.012886448679051152,0.31199999999999994,40.0,2.8603227615760405,0.6900976065281293,0.0,0.6930421914777496
115,xin_fairness,Xin et al. fairness-aligned (2025),Xin2025,0.7150000000000001,185.19190655156999,185.19190655156999,1663.4139396663286,0.6818732916142471,0.015472858824533248,0.292,43.6,15.180069953879627,0.47583216179851495,0.0,0.7106834270561188
116,xin_fairness,Xin et al. fairness-aligned (2025),Xin2025,0.738,191.07848357312844,191.07848357312844,1801.7088374677267,0.7011111759858327,0.012255562608970271,0.324,41.6,4.623555936234288,0.7806996218323494,0.0,0.688644030253412
117,xin_fairness,Xin et al. fairness-aligned (2025),Xin2025,0.711,193.86218897824875,193.86218897824875,1704.9345271035381,0.6940842986734863,0.01691499923253032,0.21599999999999997,36.4,4.426832114431056,0.6363864560648175,0.0,0.7150390835148146
118,xin_fairness,Xin et al. fairness-aligned (2025),Xin2025,0.745,192.42851570515015,192.42851570515015,1838.433591401669,0.6998665498520578,0.010331234792078614,0.38,42.0,3.4010706756284947,0.6450611381696124,0.0,0.688645108946431
119,xin_fairness,Xin et al. fairness-aligned (2025),Xin2025,0.754,184.2012664259904,184.2012664259904,1675.9674530172663,0.7097589844864064,0.010919592141357801,0.19999999999999996,35.6,2.4204301030869972,0.9200194586363896,0.0,0.7156984433090888
120,xin_fairness,Xin et al. fairness-aligned (2025),Xin2025,0.646,182.59640891038444,182.59640891038444,1424.531365143372,0.7054205042991891,0.009009706421155247,0.308,44.4,3.6310187909744345,0.8093564794377663,0.0,0.6489514816449787
121,xin_fairness,Xin et al. fairness-aligned (2025),Xin2025,0.759,180.3297625643676,180.3297625643676,1767.4087319428054,0.682250308797803,0.009571488966308994,0.4760000000000001,55.6,12.493393555498935,0.6143082371320393,0.0,0.6734053410294368
122,xin_fairness,Xin et al. fairness-aligned (2025),Xin2025,0.657,189.9513221337862,189.9513221337862,1565.3541917365187,0.6870118122930855,0.01837786470957526,0.48,60.0,8.434797680265632,0.33851437367556636,0.0,0.6485688501059548
123,xin_fairness,Xin et al. fairness-aligned (2025),Xin2025,0.705,184.1526499800704,184.1526499800704,1554.1924986425354,0.701802315465015,0.011233617472771648,0.32799999999999996,43.2,2.6077972594238163,0.7648275175522945,0.0,0.6740637985958164
124,xin_fairness,Xin et al. fairness-aligned (2025),Xin2025,0.742,183.86431054656683,183.86431054656683,1652.7091284120738,0.7098004769446788,0.012161612606030051,0.26799999999999996,42.0,2.8251455701754535,0.8432776770685958,0.0,0.6994377858345123
125,xin_fairness,Xin et al. fairness-aligned (2025),Xin2025,0.726,189.7514627942997,189.7514627942997,1730.0022846460954,0.7022201973339127,0.012408033402791625,0.32399999999999995,46.0,3.6846468911877026,0.7709204798273569,0.0,0.6840263616138115
126,xin_fairness,Xin et al. fairness-aligned (2025),Xin2025,0.759,178.0924355559068,178.0924355559068,1577.5620324498987,0.6822392865685635,0.012910247671140504,0.23199999999999998,35.2,10.827896918698244,0.6149417179722029,0.0,0.7343546625622237
127,xin_fairness,Xin et al. fairness-aligned (2025),Xin2025,0.726,183.75899508127262,183.75899508127262,1687.5063909138196,0.7048868811621487,0.010943282590324933,0.508,59.2,1.9020123061878877,0.8144856655099749,0.0,0.6345411467592019
128,xin_fairness,Xin et al. fairness-aligned (2025),Xin2025,0.785,184.73328823676198,184.73328823676198,1783.8918364656342,0.696845301055042,0.010477345141152372,0.25999999999999995,32.4,3.860418495481278,0.6684291591609153,0.0,0.7347756672671268
129,xin_fairness,Xin et al. fairness-aligned (2025),Xin2025,0.709,187.6933400031749,187.6933400031749,1604.9845902325765,0.6882946477088082,0.014515650687063838,0.27599999999999997,39.6,9.794688760183798,0.4672251429432329,0.0,0.7126719885645414
130,xin_fairness,Xin et al. fairness-aligned (2025),Xin2025,0.772,182.10654923802423,182.10654923802423,1747.1222254986737,0.6786239146807616,0.007027145128637306,0.312,40.8,11.879229565684508,0.6092928443937042,0.0,0.7206565724485037
131,xin_fairness,Xin et al. fairness-aligned (2025),Xin2025,0.825,191.09129478513063,191.09129478513063,2018.6543117723236,0.697700228886523,0.009464365895419026,0.26399999999999996,28.0,3.843496699059176,0.7316339113004722,0.0,0.7467192870959621
132,xin_fairness,Xin et al. fairness-aligned (2025),Xin2025,0.795,187.40691602417408,187.40691602417408,1835.4634191047667,0.6890995197855336,0.011739590494496266,0.308,37.2,11.602297247723886,0.4805387020391282,0.0,0.7423069038368697
133,xin_fairness,Xin et al. fairness-aligned (2025),Xin2025,0.754,194.6053576207468,194.6053576207468,1897.2317599329526,0.6952630320502957,0.009935517232669163,0.384,49.6,5.398478071306281,0.5827458961965494,0.0,0.6966803283042762
134,xin_fairness,Xin et al. fairness-aligned (2025),Xin2025,0.729,185.47570095377404,185.47570095377404,1653.4280445085121,0.6848015909789197,0.014824271991045074,0.284,45.2,10.486816771652055,0.4460305514065662,0.0,0.7213675558874747
135,xin_fairness,Xin et al. fairness-aligned (2025),Xin2025,0.634,189.87735577396796,189.87735577396796,1505.6914817102127,0.7062598678858628,0.012677849135873043,0.356,44.4,3.792206722132465,0.8246146661089979,0.0,0.6303308267112803
136,xin_fairness,Xin et al. fairness-aligned (2025),Xin2025,0.751,187.774876983679,187.774876983679,1758.4053067577704,0.684292548668702,0.012263645234874013,0.33199999999999996,35.6,15.785389527402184,0.3874346440204813,0.0,0.7239552284783615
137,xin_fairness,Xin et al. fairness-aligned (2025),Xin2025,0.744,185.78337136869322,185.78337136869322,1730.0599536856541,0.6733041118374925,0.012776850657494548,0.288,40.8,7.779251509508342,0.7009311878258095,0.0,0.7067255049739353
138,xin_fairness,Xin et al. fairness-aligned (2025),Xin2025,0.759,191.20209793133156,191.20209793133156,1820.569739394971,0.703495356436478,0.0125037310757256,0.244,38.0,3.3108491146225787,0.7583667102898819,0.0,0.7198806631768095
139,xin_fairness,Xin et al. fairness-aligned (2025),Xin2025,0.868,183.5424700170472,183.5424700170472,1946.1249367035925,0.705810170915237,0.01114595156186121,0.14800000000000002,14.4,3.267611300923997,0.8066272782662821,0.0,0.7890698177386974
140,xin_fairness,Xin et al. fairness-aligned (2025),Xin2025,0.706,189.41740804904188,189.41740804904188,1696.438514495218,0.6975711698685786,0.010681997728599398,0.356,50.0,10.596036265331687,0.5791149482995964,0.0,0.6823708041360323
141,xin_fairness,Xin et al. fairness-aligned (2025),Xin2025,0.69,184.0438356345707,184.0438356345707,1599.2678296149916,0.6847919834735294,0.01043168937664313,0.308,46.0,12.772665565870813,0.5446478596316865,0.0,0.689928171229465
142,xin_fairness,Xin et al. fairness-aligned (2025),Xin2025,0.72,191.06964863527938,191.06964863527938,1671.4277342181954,0.7055628347084324,0.01209020099365195,0.33599999999999997,42.0,6.702765225420268,0.8660782265151268,0.0,0.6707137418787898
143,xin_fairness,Xin et al. fairness-aligned (2025),Xin2025,0.727,191.3829773436201,191.3829773436201,1774.7565182216342,0.7045932318178307,0.012953032450816054,0.288,39.2,4.324446380901722,0.8184021681441267,0.0,0.6896778265484699
144,xin_fairness,Xin et al. fairness-aligned (2025),Xin2025,0.796,177.0692894820357,177.0692894820357,1633.636952273749,0.6879228662272727,0.013538659334662148,0.384,43.2,16.5028867279258,0.5415120388107247,0.0,0.7188790368951421
145,xin_fairness,Xin et al. fairness-aligned (2025),Xin2025,0.6839999999999999,191.07543125963562,191.07543125963562,1658.4105775482362,0.6946224763508295,0.016880815828360898,0.496,52.0,6.825960973139746,0.6977027433997246,0.0,0.627983780528022
146,xin_fairness,Xin et al. fairness-aligned (2025),Xin2025,0.658,190.08463128326156,190.08463128326156,1574.085230402789,0.704075323672597,0.01122466592850948,0.396,50.8,2.735796041999097,0.7284620378152317,0.0,0.6388230369747816
147,xin_fairness,Xin et al. fairness-aligned (2025),Xin2025,0.715,186.91620970936825,186.91620970936825,1642.4087269362892,0.7066643367425731,0.012047789666428195,0.41200000000000003,55.2,1.9140603393110722,0.8498147362085744,0.0,0.6507648211033141
148,xin_fairness,Xin et al. fairness-aligned (2025),Xin2025,0.6950000000000001,193.8108900502908,193.8108900502908,1783.4290154127,0.7024886516737318,0.012586709179046435,0.544,59.2,3.871648450241176,0.736182602989284,0.0,0.6178553917608574
149,xin_fairness,Xin et al. fairness-aligned (2025),Xin2025,0.754,184.14126399822504,184.14126399822504,1720.5397701328318,0.6833619655876345,0.013380906734320727,0.19999999999999998,35.6,9.273000296367467,0.44206611308998045,0.0,0.7539347109528015
150,xin_fairness,Xin et al. fairness-aligned (2025),Xin2025,0.647,189.44243896896654,189.44243896896654,1566.9130392782204,0.7014741854252495,0.011678974785754567,0.33599999999999997,48.0,5.4133639712704875,0.7522931111669658,0.0,0.6469665511066427
