parameter,value,metric,elasticity,abs_elasticity
tau,0.05,insured_pct,-0.022078101283289273,0.022078101283289273
tau,0.05,effective_price,0.013943643346930719,0.013943643346930719
tau,0.05,coverage,0.0014282572873951954,0.0014282572873951954
tau,0.05,profit_per_insurer,-0.016432844474089145,0.016432844474089145
tau,0.05,subsidy_per_patient,0.0031485520866174365,0.0031485520866174365
tau,0.05,risk_mse,0.0029698235051861376,0.0029698235051861376
tau,0.05,hhi,-0.05378026609744823,0.05378026609744823
tau,0.05,coverage_disparity,0.4387568555758678,0.4387568555758678
tau,0.05,goal_score,-0.015413967231714936,0.015413967231714936
tau,0.075,insured_pct,-0.004139643990617269,0.004139643990617269
tau,0.075,effective_price,-0.08348676296891887,0.08348676296891887
tau,0.075,coverage,0.0010152329742630951,0.0010152329742630951
tau,0.075,profit_per_insurer,-0.003612974789227209,0.003612974789227209
tau,0.075,subsidy_per_patient,-0.0,0.0
tau,0.075,risk_mse,-0.0024741594398768876,0.0024741594398768876
tau,0.075,hhi,-0.017515863899308773,0.017515863899308773
tau,0.075,coverage_disparity,0.21937842778793432,0.21937842778793432
tau,0.075,goal_score,0.011039923878743476,0.011039923878743476
tau,0.125,insured_pct,-0.0027597626604113604,0.0027597626604113604
tau,0.125,effective_price,-0.0879513507580274,0.0879513507580274
tau,0.125,coverage,-3.9862803151050066e-05,3.9862803151050066e-05
tau,0.125,profit_per_insurer,-0.0029490453867673243,0.0029490453867673243
tau,0.125,subsidy_per_patient,0.0,0.0
tau,0.125,risk_mse,-0.0001396060136070389,0.0001396060136070389
tau,0.125,hhi,-0.003039046318321609,0.003039046318321609
tau,0.125,coverage_disparity,0.1462522851919568,0.1462522851919568
tau,0.125,goal_score,0.012265316941951352,0.012265316941951352
tau,0.15,insured_pct,-0.0020698219953084055,0.0020698219953084055
tau,0.15,effective_price,-0.08604657468236415,0.08604657468236415
tau,0.15,coverage,-0.00013424525736291802,0.00013424525736291802
tau,0.15,profit_per_insurer,-0.002210194996549111,0.002210194996549111
tau,0.15,subsidy_per_patient,0.0,0.0
tau,0.15,risk_mse,-0.0004932129719913234,0.0004932129719913234
tau,0.15,hhi,-0.002873656042495112,0.002873656042495112
tau,0.15,coverage_disparity,0.0365630712979892,0.0365630712979892
tau,0.15,goal_score,0.012352927992890768,0.012352927992890768
coverage_target,0.8,insured_pct,0.042845315302884414,0.042845315302884414
coverage_target,0.8,effective_price,-0.24403109155705502,0.24403109155705502
coverage_target,0.8,coverage,-0.0006112108512314144,0.0006112108512314144
coverage_target,0.8,profit_per_insurer,0.02623788271328325,0.02623788271328325
coverage_target,0.8,subsidy_per_patient,0.14740755798443955,0.14740755798443955
coverage_target,0.8,risk_mse,-0.00923054507838347,0.00923054507838347
coverage_target,0.8,hhi,0.042585411802406416,0.042585411802406416
coverage_target,0.8,coverage_disparity,-0.7897623400365636,0.7897623400365636
coverage_target,0.8,goal_score,0.06462362702846423,0.06462362702846423
coverage_target,0.85,insured_pct,0.08569063060576873,0.08569063060576873
coverage_target,0.85,effective_price,-0.32039878845860925,0.32039878845860925
coverage_target,0.85,coverage,-0.003053100403057224,0.003053100403057224
coverage_target,0.85,profit_per_insurer,0.05237646134810051,0.05237646134810051
coverage_target,0.85,subsidy_per_patient,0.2948085045923645,0.2948085045923645
coverage_target,0.85,risk_mse,-0.01878148651141388,0.01878148651141388
coverage_target,0.85,hhi,0.15622403663394532,0.15622403663394532
coverage_target,0.85,coverage_disparity,-1.5795246800731255,1.5795246800731255
coverage_target,0.85,goal_score,0.10214915301561041,0.10214915301561041
coverage_target,0.95,insured_pct,0.22664550848626824,0.22664550848626824
coverage_target,0.95,effective_price,-0.4868849394229907,0.4868849394229907
coverage_target,0.95,coverage,-0.017644650040405635,0.017644650040405635
coverage_target,0.95,profit_per_insurer,0.21034355269539798,0.21034355269539798
coverage_target,0.95,subsidy_per_patient,-0.034803980269383035,0.034803980269383035
coverage_target,0.95,risk_mse,-0.01862787946095975,0.01862787946095975
coverage_target,0.95,hhi,0.505710486906389,0.505710486906389
coverage_target,0.95,coverage_disparity,-4.60694698354662,4.60694698354662
coverage_target,0.95,goal_score,0.21060793229178018,0.21060793229178018
coverage_target,0.98,insured_pct,0.28524734372843913,0.28524734372843913
coverage_target,0.98,effective_price,-0.515744703485584,0.515744703485584
coverage_target,0.98,coverage,-0.018017299933016474,0.018017299933016474
coverage_target,0.98,profit_per_insurer,0.26618909302753113,0.26618909302753113
coverage_target,0.98,subsidy_per_patient,-0.015899068424934493,0.015899068424934493
coverage_target,0.98,risk_mse,0.002804973730791971,0.002804973730791971
coverage_target,0.98,hhi,0.5665868680120979,0.5665868680120979
coverage_target,0.98,coverage_disparity,-6.375685557586838,6.375685557586838
coverage_target,0.98,goal_score,0.25052260137694715,0.25052260137694715
fl_interval,2.0,insured_pct,-0.006942527942596746,0.006942527942596746
fl_interval,2.0,effective_price,-0.004262577072247015,0.004262577072247015
fl_interval,2.0,coverage,-0.002433754418424872,0.002433754418424872
fl_interval,2.0,profit_per_insurer,-0.012046188314471172,0.012046188314471172
fl_interval,2.0,subsidy_per_patient,1.25,1.25
fl_interval,2.0,risk_mse,-1.2791317549803967,1.2791317549803967
fl_interval,2.0,hhi,0.09434917634350562,0.09434917634350562
fl_interval,2.0,coverage_disparity,0.16453382084095058,0.16453382084095058
fl_interval,2.0,goal_score,-0.004273422653752599,0.004273422653752599
fl_interval,5.0,insured_pct,-0.002621774527390815,0.002621774527390815
fl_interval,5.0,effective_price,0.0038754470244888374,0.0038754470244888374
fl_interval,5.0,coverage,-0.0004404914657002697,0.0004404914657002697
fl_interval,5.0,profit_per_insurer,-0.000940625714687978,0.000940625714687978
fl_interval,5.0,subsidy_per_patient,-1.8652733677477498,1.8652733677477498
fl_interval,5.0,risk_mse,-0.4504528427823807,0.4504528427823807
fl_interval,5.0,hhi,-0.0077707587408114235,0.0077707587408114235
fl_interval,5.0,coverage_disparity,-0.018281535648994023,0.018281535648994023
fl_interval,5.0,goal_score,-0.0023554103733326266,0.0023554103733326266
fl_interval,20.0,insured_pct,-0.0008624258313784064,0.0008624258313784064
fl_interval,20.0,effective_price,0.0009234842588597379,0.0009234842588597379
fl_interval,20.0,coverage,0.0005017617328558166,0.0005017617328558166
fl_interval,20.0,profit_per_insurer,0.0030393656658299576,0.0030393656658299576
fl_interval,20.0,subsidy_per_patient,-1.0,1.0
fl_interval,20.0,risk_mse,1.3234506362665253,1.3234506362665253
fl_interval,20.0,hhi,-0.03210574123916089,0.03210574123916089
fl_interval,20.0,coverage_disparity,0.027422303473491796,0.027422303473491796
fl_interval,20.0,goal_score,-0.0005040269063955443,0.0005040269063955443
fl_interval,30.0,insured_pct,-0.000603698081964942,0.000603698081964942
fl_interval,30.0,effective_price,0.0010444038417223498,0.0010444038417223498
fl_interval,30.0,coverage,0.00041005440652735743,0.00041005440652735743
fl_interval,30.0,profit_per_insurer,0.0020612099704182068,0.0020612099704182068
fl_interval,30.0,subsidy_per_patient,-0.5,0.5
fl_interval,30.0,risk_mse,-0.045576865455724626,0.045576865455724626
fl_interval,30.0,hhi,-0.012559001042734037,0.012559001042734037
fl_interval,30.0,coverage_disparity,0.021023765996343754,0.021023765996343754
fl_interval,30.0,goal_score,-0.00039965242701126653,0.00039965242701126653
dp_sigma,0.0,insured_pct,0.0017938457292674302,0.0017938457292674302
dp_sigma,0.0,effective_price,-0.0025878888253319755,0.0025878888253319755
dp_sigma,0.0,coverage,-0.0012401719449886349,0.0012401719449886349
dp_sigma,0.0,profit_per_insurer,-0.005784436260575183,0.005784436260575183
dp_sigma,0.0,subsidy_per_patient,-0.9369403316834714,0.9369403316834714
dp_sigma,0.0,risk_mse,0.8875245839368401,0.8875245839368401
dp_sigma,0.0,hhi,0.0569782421339482,0.0569782421339482
dp_sigma,0.0,coverage_disparity,-0.06398537477148099,0.06398537477148099
dp_sigma,0.0,goal_score,0.0011015850841015597,0.0011015850841015597
dp_sigma,0.025,insured_pct,0.0034497033255136257,0.0034497033255136257
dp_sigma,0.025,effective_price,-0.002272977778285722,0.002272977778285722
dp_sigma,0.025,coverage,-4.18393664166836e-05,4.18393664166836e-05
dp_sigma,0.025,profit_per_insurer,-0.004859532715328057,0.004859532715328057
dp_sigma,0.025,subsidy_per_patient,-0.002534678076344957,0.002534678076344957
dp_sigma,0.025,risk_mse,1.240801899095838,1.240801899095838
dp_sigma,0.025,hhi,0.083155129618168,0.083155129618168
dp_sigma,0.025,coverage_disparity,-0.04753199268738583,0.04753199268738583
dp_sigma,0.025,goal_score,0.002430503237482149,0.002430503237482149
dp_sigma,0.075,insured_pct,0.0013798813302056802,0.0013798813302056802
dp_sigma,0.075,effective_price,-0.0035048092718952166,0.0035048092718952166
dp_sigma,0.075,coverage,-0.0034991629511629584,0.0034991629511629584
dp_sigma,0.075,profit_per_insurer,-0.004244891262804646,0.004244891262804646
dp_sigma,0.075,subsidy_per_patient,1.931676150715726,1.931676150715726
dp_sigma,0.075,risk_mse,1.7844089259527232,1.7844089259527232
dp_sigma,0.075,hhi,0.04285417100062398,0.04285417100062398
dp_sigma,0.075,coverage_disparity,-0.03656307129798882,0.03656307129798882
dp_sigma,0.075,goal_score,0.00035816457510875056,0.00035816457510875056
dp_sigma,0.1,insured_pct,0.0005864495653375462,0.0005864495653375462
dp_sigma,0.1,effective_price,-0.0011340964478912812,0.0011340964478912812
dp_sigma,0.1,coverage,-0.002786304325794596,0.002786304325794596
dp_sigma,0.1,profit_per_insurer,-0.0022993152021089326,0.0022993152021089326
dp_sigma,0.1,subsidy_per_patient,-0.04418918255749688,0.04418918255749688
dp_sigma,0.1,risk_mse,2.0562668656650502,2.0562668656650502
dp_sigma,0.1,hhi,0.0322323681690906,0.0322323681690906
dp_sigma,0.1,coverage_disparity,0.0054844606946983215,0.0054844606946983215
dp_sigma,0.1,goal_score,-0.00028678023881482863,0.00028678023881482863
imitation_weight,0.0,insured_pct,-0.0,0.0
imitation_weight,0.0,effective_price,-0.00018561058921122043,0.00018561058921122043
imitation_weight,0.0,coverage,-0.00010105373442414126,0.00010105373442414126
imitation_weight,0.0,profit_per_insurer,3.4562093400958096e-06,3.4562093400958096e-06
imitation_weight,0.0,subsidy_per_patient,0.0003574487387156936,0.0003574487387156936
imitation_weight,0.0,risk_mse,0.008285052486521302,0.008285052486521302
imitation_weight,0.0,hhi,0.0005077998312504192,0.0005077998312504192
imitation_weight,0.0,coverage_disparity,-0.0,0.0
imitation_weight,0.0,goal_score,-1.9746532755082066e-06,1.9746532755082066e-06
imitation_weight,0.5,insured_pct,-0.0,0.0
imitation_weight,0.5,effective_price,0.0005020163093476994,0.0005020163093476994
imitation_weight,0.5,coverage,0.0007440935073225386,0.0007440935073225386
imitation_weight,0.5,profit_per_insurer,0.000965428606253376,0.000965428606253376
imitation_weight,0.5,subsidy_per_patient,0.0003677018630110496,0.0003677018630110496
imitation_weight,0.5,risk_mse,0.007281279526789934,0.007281279526789934
imitation_weight,0.5,hhi,0.0014445806904269565,0.0014445806904269565
imitation_weight,0.5,coverage_disparity,-0.0,0.0
imitation_weight,0.5,goal_score,0.00013977508565701351,0.00013977508565701351
imitation_weight,1.5,insured_pct,0.0,0.0
imitation_weight,1.5,effective_price,0.00037214415195274805,0.00037214415195274805
imitation_weight,1.5,coverage,1.923398128929503e-05,1.923398128929503e-05
imitation_weight,1.5,profit_per_insurer,0.0005857069583800015,0.0005857069583800015
imitation_weight,1.5,subsidy_per_patient,0.0029363136799420934,0.0029363136799420934
imitation_weight,1.5,risk_mse,0.008739181313392514,0.008739181313392514
imitation_weight,1.5,hhi,-0.008370298490684786,0.008370298490684786
imitation_weight,1.5,coverage_disparity,0.0,0.0
imitation_weight,1.5,goal_score,-5.4919442804470466e-05,5.4919442804470466e-05
imitation_weight,2.0,insured_pct,-0.00034497033255124766,0.00034497033255124766
imitation_weight,2.0,effective_price,0.00017914716103753102,0.00017914716103753102
imitation_weight,2.0,coverage,-4.141987869067705e-05,4.141987869067705e-05
imitation_weight,2.0,profit_per_insurer,-0.00013100785351849984,0.00013100785351849984
imitation_weight,2.0,subsidy_per_patient,0.001635111818945264,0.001635111818945264
imitation_weight,2.0,risk_mse,0.008020865282291536,0.008020865282291536
imitation_weight,2.0,hhi,-0.006257696139300156,0.006257696139300156
imitation_weight,2.0,coverage_disparity,0.018281535648994596,0.018281535648994596
imitation_weight,2.0,goal_score,-0.000253395858307155,0.000253395858307155
gap_beta,1.0,insured_pct,-0.012936387470677303,0.012936387470677303
gap_beta,1.0,effective_price,0.0240563567783111,0.0240563567783111
gap_beta,1.0,coverage,0.001802797712267977,0.001802797712267977
gap_beta,1.0,profit_per_insurer,-0.008924009506277975,0.008924009506277975
gap_beta,1.0,subsidy_per_patient,0.005252399502271839,0.005252399502271839
gap_beta,1.0,risk_mse,0.000979966705816689,0.000979966705816689
gap_beta,1.0,hhi,-0.03273370744269117,0.03273370744269117
gap_beta,1.0,coverage_disparity,0.21937842778793398,0.21937842778793398
gap_beta,1.0,goal_score,-0.011233491796864326,0.011233491796864326
gap_beta,2.0,insured_pct,-0.005174554988270783,0.005174554988270783
gap_beta,2.0,effective_price,-0.04681440329760637,0.04681440329760637
gap_beta,2.0,coverage,0.0007309737957053656,0.0007309737957053656
gap_beta,2.0,profit_per_insurer,-0.0036357347377856545,0.0036357347377856545
gap_beta,2.0,subsidy_per_patient,0.001425819756723685,0.001425819756723685
gap_beta,2.0,risk_mse,-0.0013098366174644385,0.0013098366174644385
gap_beta,2.0,hhi,-0.037084893019626496,0.037084893019626496
gap_beta,2.0,coverage_disparity,0.10968921389396699,0.10968921389396699
gap_beta,2.0,goal_score,0.0044450010915805145,0.0044450010915805145
gap_beta,4.0,insured_pct,-0.00206982199530852,0.00206982199530852
gap_beta,4.0,effective_price,-0.08262484283346831,0.08262484283346831
gap_beta,4.0,coverage,6.731403667286986e-05,6.731403667286986e-05
gap_beta,4.0,profit_per_insurer,-0.0022749130938959986,0.0022749130938959986
gap_beta,4.0,subsidy_per_patient,0.0,0.0
gap_beta,4.0,risk_mse,-0.00021628813346908274,0.00021628813346908274
gap_beta,4.0,hhi,-0.004651601507635866,0.004651601507635866
gap_beta,4.0,coverage_disparity,0.10968921389396757,0.10968921389396757
gap_beta,4.0,goal_score,0.01188510617452408,0.01188510617452408
gap_beta,5.0,insured_pct,-0.0015523664964813039,0.0015523664964813039
gap_beta,5.0,effective_price,-0.09144890898702517,0.09144890898702517
gap_beta,5.0,coverage,-0.0001006839430221885,0.0001006839430221885
gap_beta,5.0,profit_per_insurer,-0.001657646247411833,0.001657646247411833
gap_beta,5.0,subsidy_per_patient,0.0,0.0
gap_beta,5.0,risk_mse,-0.0003699097289934925,0.0003699097289934925
gap_beta,5.0,hhi,-0.002155242031871334,0.002155242031871334
gap_beta,5.0,coverage_disparity,0.027422303473491894,0.027422303473491894
gap_beta,5.0,goal_score,0.01356865620568038,0.01356865620568038
