seed,mechanism,insured_pct,accepted_premium,accepted_coverage,profit_per_insurer,subsidy_total,hhi,override_residual,assignment_override_rate,premium_override,coverage_override
0,Bayesian direct mechanism,0.667,214.36290235986456,0.7922479165943276,962.9294661113217,0.0,0.7216637427188639,0.36852302320095737,0.31799999999999995,0.05968740228693943,0.041358644114975314
0,Central welfare planner,1.0,219.7848609296565,0.7835303513896077,1263.591911072422,163.23443711776804,0.38104000000000005,0.31582255820462923,0.24900000000000003,0.1059970349439056,0.027648081465352865
0,FL-IMDR restricted,0.999,218.52791058767042,0.7564749901503938,1693.3213760356794,765.0200383724665,0.5318580920314254,0.0,0.0,0.0,0.0
1,Bayesian direct mechanism,0.717,214.90048858766698,0.7917256635170011,1035.7677026500567,0.0,0.7629275991436234,0.3482430823486973,0.296,0.05909001624324474,0.04539614845414983
1,Central welfare planner,1.0,220.39430582899467,0.783938286199301,1263.6062040996183,103.49056146845984,0.35734000000000005,0.35516800238446683,0.28700000000000003,0.10492415041159912,0.03141185435733452
1,FL-IMDR restricted,0.975,219.4268429068749,0.7552023881301783,1645.9777099565283,599.7873056721435,0.5394385638109391,0.0,0.0,0.0,0.0
2,Bayesian direct mechanism,0.716,216.06575405024356,0.7947586200250656,1035.7870512570678,0.0,0.7503093190820385,0.34267983455241774,0.29100000000000004,0.05737637062300479,0.045983298481830706
2,Central welfare planner,1.0,222.5193810086514,0.7858444743671801,1266.1737584415682,106.65760822656482,0.40809999999999996,0.33081310362144734,0.263,0.10464999389903984,0.030976213343854826
2,FL-IMDR restricted,0.99,220.5671266677591,0.7547884561077363,1677.8002748301558,632.6134057769368,0.5209060299969391,0.0,0.0,0.0,0.0
3,Bayesian direct mechanism,0.709,215.0104802860203,0.792497988324957,1024.3509970527446,0.0,0.7281434244622963,0.3252640576803845,0.275,0.0586974770155587,0.04183063834521032
3,Central welfare planner,0.99,219.78245306660043,0.7821522796978269,1251.3138853178352,191.90351310470766,0.3634731149882665,0.3466269273716432,0.278,0.10450029180675088,0.03275356293653545
3,FL-IMDR restricted,0.983,218.3153082770486,0.7526512346432451,1650.621715845688,700.4586409964496,0.5687869287530809,0.0,0.0,0.0,0.0
4,Bayesian direct mechanism,0.716,216.74635770755566,0.7912850748726127,1036.6212623016154,0.0,0.8308833445198222,0.32674749960282795,0.27599999999999997,0.057336383083139986,0.04415861612251588
4,Central welfare planner,0.998,222.9235529697939,0.7849116069714095,1265.081028017549,187.03137138985772,0.3738458504234262,0.3622846101055158,0.29700000000000004,0.10386019837593588,0.026709021835095687
4,FL-IMDR restricted,0.99,220.75618010099976,0.7505342378172635,1671.8250158993123,662.1425715934645,0.5559584133307377,0.0,0.0,0.0,0.0
5,Bayesian direct mechanism,0.72,214.84222657747063,0.7944417635657013,1040.053666983236,0.0,0.7437710327123846,0.3599220583309979,0.309,0.058682243266839906,0.043161873395155884
5,Central welfare planner,1.0,220.28477237295132,0.7855568018635302,1263.2190255064652,81.92090524792502,0.41044,0.32285607677719985,0.255,0.1063170866186716,0.02939506693572803
5,FL-IMDR restricted,0.984,217.5178299505945,0.7571387127764104,1652.227259720384,638.4843826661152,0.5615533030675711,0.0,0.0,0.0,0.0
6,Bayesian direct mechanism,0.742,212.30802830842708,0.7937159282258184,1068.5777583056692,0.0,0.6685802835670984,0.38008245642363486,0.328,0.06059837058345112,0.04356654226381866
6,Central welfare planner,0.99,218.26663901310184,0.7867179618210567,1249.0370801971244,150.71747426134908,0.4213651668197122,0.3172751251072987,0.24699999999999997,0.10681176917143617,0.03373848104316131
6,FL-IMDR restricted,0.984,217.7054793885183,0.7613769740395133,1661.6310620942888,594.3378346127308,0.5061553851323044,0.0,0.0,0.0,0.0
7,Bayesian direct mechanism,0.698,216.75416445616992,0.7956011218819669,1010.5616966719286,0.0,0.7148976711517104,0.3544162501671179,0.30100000000000005,0.057036887173148546,0.049795613161087326
7,Central welfare planner,1.0,221.5344264341201,0.782689907026932,1266.653971960862,245.4910013003821,0.37408,0.3027932187642086,0.23500000000000001,0.10353414593987413,0.03205229158854307
7,FL-IMDR restricted,0.9640000000000001,221.59616385940438,0.7536015626929806,1637.8883831013445,609.3123687314778,0.5027796407849106,0.0,0.0,0.0,0.0
8,Bayesian direct mechanism,0.73,214.53485325487114,0.7921084112882093,1054.1123999792565,0.0,0.8161911068821224,0.3313106313536376,0.27999999999999997,0.05902205100040122,0.04359921170687396
8,Central welfare planner,0.9949999999999999,220.84362189071484,0.7866698106183452,1257.969667111161,115.46194358986445,0.412421975308642,0.30746835116659993,0.24100000000000002,0.10559369828223472,0.02734300405096508
8,FL-IMDR restricted,0.9890000000000001,219.26731077417003,0.7575786940881902,1675.0475919651647,643.4095851651513,0.5177834002862716,0.0,0.0,0.0,0.0
9,Bayesian direct mechanism,0.733,216.64831916266297,0.7926381997058084,1061.0930006360923,0.0,0.7419520126703552,0.32955950159424335,0.277,0.05784174245615794,0.047277260732328796
9,Central welfare planner,1.0,222.1365026820293,0.7847858368257195,1265.8813017830864,120.37908157630645,0.37642000000000003,0.33158937403803385,0.264,0.10380390959904877,0.031374838477018906
9,FL-IMDR restricted,0.976,220.52394190008272,0.7529865840803351,1650.2967189111946,609.7604996298046,0.5327708617192595,0.0,0.0,0.0,0.0
10,Bayesian direct mechanism,0.736,214.12011849109535,0.7948879012822052,1062.2309733532454,0.0,0.6817510949209681,0.38480974925174494,0.332,0.05977703121398872,0.045842467289501095
10,Central welfare planner,1.0,219.36601295094025,0.7882080611544382,1262.6030593456005,122.05568993640311,0.4037,0.3199203482912061,0.251,0.10633816247720662,0.03150253410520557
10,FL-IMDR restricted,0.966,219.94382884664998,0.7634815172131708,1648.580064936521,518.951071360502,0.4742676668082707,0.0,0.0,0.0,0.0
11,Bayesian direct mechanism,0.655,213.3240775801699,0.7928822404602556,944.4290466343489,0.0,0.7391790354707354,0.32140366277260685,0.268,0.058433347409921586,0.04837397813529214
11,Central welfare planner,0.99,220.3687615029355,0.7838518066009951,1252.8274805786116,261.0009798127384,0.3593714927048261,0.3145646910233539,0.246,0.10348691981386629,0.03364246223284147
11,FL-IMDR restricted,0.959,218.99382443209674,0.7533500433247007,1614.0435638732063,646.3715837225197,0.5521712874506876,0.0,0.0,0.0,0.0
12,Bayesian direct mechanism,0.759,214.34444658304847,0.7936385077597745,1095.7332575966025,0.0,0.7039853868476238,0.29309174657569115,0.24100000000000002,0.05918101531870572,0.04500247783267657
12,Central welfare planner,0.986,219.86544481735427,0.7876845133762347,1245.7398750235975,139.44454751954328,0.4081904960781187,0.35574226175720547,0.28700000000000003,0.10595247110443547,0.03153205240997541
12,FL-IMDR restricted,0.967,219.94701908880728,0.7603436660290744,1639.4112257648442,499.30971238754717,0.49535047570071794,0.0,0.0,0.0,0.0
13,Bayesian direct mechanism,0.6799999999999999,214.32381432060652,0.7928451325120981,981.6537214149452,0.0,0.7810451344508903,0.3514244161651326,0.298,0.05800707189709746,0.04884176043316771
13,Central welfare planner,0.9949999999999999,220.9819400344082,0.7851103234735338,1259.2420882459862,208.67865662712848,0.4012389327619631,0.2933294744352234,0.22600000000000003,0.1047215755355047,0.029937373334942043
13,FL-IMDR restricted,0.97,220.82901133555782,0.7578016519349677,1655.9258942474783,637.1576600230753,0.4742301778732526,0.0,0.0,0.0,0.0
14,Bayesian direct mechanism,0.7070000000000001,214.89418235973102,0.79300941453336,1021.3273756543398,0.0,0.7938636821419667,0.32856866137842433,0.278,0.0584025544227065,0.042734768334142234
14,Central welfare planner,1.0,220.47283082039317,0.784490845718764,1264.5684834773044,176.46953005423524,0.3698,0.3467012113361111,0.279,0.10528123736375965,0.030121185308462518
14,FL-IMDR restricted,0.99,218.8743079199396,0.7548141748694311,1669.743714594121,680.3453251852122,0.5451458468011555,0.0,0.0,0.0,0.0
15,Bayesian direct mechanism,0.709,213.66835372809047,0.7937208266498084,1022.6948326696554,0.0,0.7151330163866356,0.3160764133364365,0.266,0.05957127628742015,0.0405815503854528
15,Central welfare planner,1.0,218.95238832191862,0.7850790969434198,1263.7666948096617,261.16353181968634,0.39556,0.3265026895850548,0.259,0.10595449953425226,0.029050879635857296
15,FL-IMDR restricted,0.992,217.4216658477104,0.7556512814117401,1668.0555356962911,715.4947787625232,0.5405160092734207,0.0,0.0,0.0,0.0
16,Bayesian direct mechanism,0.6809999999999999,214.55973975751454,0.7931409273749941,983.3443175597306,0.0,0.7222390009381426,0.3960987412885936,0.34500000000000003,0.05951032144533367,0.042687161131853585
16,Central welfare planner,1.0,219.7913471106373,0.7844794685215548,1263.7980549556435,179.9019052103005,0.37998000000000004,0.3087576151250351,0.24100000000000002,0.10586387483925368,0.029651355410816455
16,FL-IMDR restricted,0.9949999999999999,218.62368320796054,0.7562063971826978,1685.453111360316,733.0205339373254,0.5404826527905315,0.0,0.0,0.0,0.0
17,Bayesian direct mechanism,0.71,214.28262629637356,0.7929103502743232,1024.8928017741316,0.0,0.772535052570192,0.3386636292878175,0.28700000000000003,0.05814663416735869,0.045180624408276346
17,Central welfare planner,1.0,221.14844232602894,0.7856513855115018,1265.8158896917118,213.6905015008922,0.39316,0.30113260293889227,0.23399999999999999,0.10467084509245636,0.029594360785328223
17,FL-IMDR restricted,0.969,220.79836029415233,0.7570152425000848,1648.7863696942036,598.0471077608668,0.49991816900166147,0.0,0.0,0.0,0.0
18,Bayesian direct mechanism,0.696,213.3920858706735,0.7928315443961287,1003.6122769739684,0.0,0.697950057171332,0.33475857113460894,0.28300000000000003,0.059832113222815474,0.043685029046402424
18,Central welfare planner,0.9970000000000001,219.2258568870437,0.7845439666202456,1260.0303743719894,237.68947391532575,0.3746909580655035,0.3169320581266964,0.248,0.10540209444669266,0.032462021806700075
18,FL-IMDR restricted,0.96,219.60347273344965,0.7596799753587052,1635.391347886795,612.1123155180015,0.4865400323475509,0.0,0.0,0.0,0.0
19,Bayesian direct mechanism,0.6950000000000001,214.86826971263903,0.7961223242905644,1003.9666703976869,0.0,0.679735584049513,0.308023502540023,0.257,0.05942174193283967,0.04262526314720629
19,Central welfare planner,0.9970000000000001,218.19534687701866,0.783274235358663,1259.12956207802,264.79543849288126,0.3672397918579737,0.3564301990271691,0.288,0.10593495173201836,0.03092544632231988
19,FL-IMDR restricted,0.966,216.9636820952381,0.7567449291642753,1616.14866740694,608.4862249650307,0.5778409097410132,0.0,0.0,0.0,0.0
20,Bayesian direct mechanism,0.72,212.29528741234557,0.794691795188002,1036.8782321099113,0.0,0.6857574328009342,0.3677855520370617,0.316,0.06002066376360064,0.0435504403105227
20,Central welfare planner,1.0,219.20465795952046,0.7884543653125803,1262.6307623008936,140.5182373230043,0.43513999999999997,0.3071410929909145,0.23700000000000002,0.10708638780528959,0.03319579817653938
20,FL-IMDR restricted,0.9879999999999999,218.53064413365414,0.7615107005683732,1675.3068681415357,604.2428021164318,0.4765880142218742,0.0,0.0,0.0,0.0
21,Bayesian direct mechanism,0.709,212.64566313826748,0.7929479269873851,1021.4269882478299,0.0,0.7094970355750714,0.39293067088336703,0.33999999999999997,0.060841462129599254,0.04501987963713483
21,Central welfare planner,1.0,218.91168738342407,0.7863027176217849,1262.2349433423112,136.56650241171963,0.4001,0.34323058358077496,0.274,0.10724260193552278,0.031218565226027138
21,FL-IMDR restricted,0.9890000000000001,218.1017431143432,0.7621227824818513,1677.393586113138,636.7928361734064,0.48563985153789907,0.0,0.0,0.0,0.0
22,Bayesian direct mechanism,0.727,213.74942902877166,0.7936515026848461,1048.7668240128344,0.0,0.6940052211220784,0.3739973933052852,0.32199999999999995,0.05951346835394181,0.044481318256628585
22,Central welfare planner,0.985,220.00802150650125,0.7894382807972294,1244.9477788095785,164.7995838427284,0.4596257655626858,0.29527175795180727,0.22599999999999998,0.10609492359912129,0.03244859230449326
22,FL-IMDR restricted,0.9730000000000001,219.68545565638993,0.7614571747889123,1655.1265819201321,564.1296622020124,0.4792038018310736,0.0,0.0,0.0,0.0
23,Bayesian direct mechanism,0.727,214.69827142277936,0.7939119979896274,1049.929695582904,0.0,0.7257666997805879,0.39118975655105725,0.33999999999999997,0.05894591280777106,0.04343360029434348
23,Central welfare planner,1.0,220.5994802370331,0.7873592584996861,1264.3593900721776,146.2407423595715,0.42684,0.3363564969358791,0.268,0.10631328140927945,0.030399712462478728
23,FL-IMDR restricted,1.0,219.35490815531512,0.7586901230501736,1700.8463886237437,683.0312428501712,0.4980200000000001,0.0,0.0,0.0,0.0
24,Bayesian direct mechanism,0.726,219.14661883095687,0.7930387851374412,1054.1586570920922,0.0,0.8027223847504436,0.3039155479235932,0.253,0.0563369221737313,0.04549417367345504
24,Central welfare planner,1.0,224.10522922878607,0.7837018870856756,1268.7588622122253,165.22150294831576,0.36034,0.38222914353851356,0.317,0.1028652430057089,0.027593044071318185
24,FL-IMDR restricted,0.994,221.0614879780215,0.7464579172265415,1669.5668620020583,669.6500583972904,0.587882056932966,0.0,0.0,0.0,0.0
25,Bayesian direct mechanism,0.73,214.19280894595,0.7906606476591245,1053.657554654832,0.0,0.7718054994691831,0.37724199577947254,0.327,0.059108063619487575,0.041375927939457526
25,Central welfare planner,0.9890000000000001,220.21313996399059,0.7853933191941637,1249.319255759375,87.73820259445824,0.38843564399267205,0.3935262430476337,0.32599999999999996,0.10618839335735838,0.028864092737908964
25,FL-IMDR restricted,0.994,219.53383234171875,0.7567262977951856,1673.179758342672,526.7673391795629,0.5366350417319655,0.0,0.0,0.0,0.0
26,Bayesian direct mechanism,0.7230000000000001,215.2636674833835,0.7916763729107619,1044.9430911576296,0.0,0.8232227873653578,0.33328259846471664,0.28300000000000003,0.05840643769126573,0.0421587592381676
26,Central welfare planner,1.0,221.68696793161016,0.7866011009699714,1265.6198617812138,143.3715964609313,0.40417999999999993,0.3168760744309559,0.25,0.10496524717490845,0.02878690168700334
26,FL-IMDR restricted,0.9879999999999999,220.52355469557614,0.7559130938295751,1678.0811911608494,639.0651494299109,0.505817199164668,0.0,0.0,0.0,0.0
27,Bayesian direct mechanism,0.721,217.2443994813901,0.7885914547450574,1044.5095961748834,0.0,0.8642893735334244,0.3741769673063243,0.323,0.05789971342932341,0.044454221183325184
27,Central welfare planner,1.0,223.34044090610905,0.7865002871146255,1267.620932373231,146.11422874048006,0.38310000000000005,0.3355540225656114,0.27,0.10369649234965576,0.027411552781567088
27,FL-IMDR restricted,0.9810000000000001,221.74256832320174,0.7516600670050229,1663.5797980868792,625.1446196762237,0.5333962808794911,0.0,0.0,0.0,0.0
28,Bayesian direct mechanism,0.719,218.46182705608567,0.7958439654304711,1043.113288863573,0.0,0.7566291814712989,0.2734246885532489,0.221,0.05666367599615198,0.04818570111034589
28,Central welfare planner,1.0,223.19273959587008,0.7839714918716278,1267.6592402366534,164.10222029186025,0.36712,0.3291688735644785,0.262,0.10348260487706591,0.03085514225189101
28,FL-IMDR restricted,0.986,220.06465600809628,0.7486993841451939,1655.3072130400662,678.1577618227443,0.5778525688940819,0.0,0.0,0.0,0.0
29,Bayesian direct mechanism,0.726,216.75515072998036,0.7909300083807199,1051.1286373063392,0.0,0.8165812927793923,0.37696272105334855,0.326,0.057986854312494576,0.04393858779420258
29,Central welfare planner,1.0,222.31359694942157,0.786630551320475,1265.6545285070424,83.62069964939346,0.38396,0.3491789405528192,0.28300000000000003,0.10470135694415324,0.0276565241614851
29,FL-IMDR restricted,0.977,220.18171912277427,0.7549336048458347,1647.894680515022,549.38885309968,0.5460689626567808,0.0,0.0,0.0,0.0
30,Bayesian direct mechanism,0.714,213.51400209293897,0.7965353385706798,1029.7035930336933,0.0,0.6780869178774616,0.3817298483439895,0.33,0.05972795909479891,0.043731737593180005
30,Central welfare planner,1.0,218.35413236935923,0.7836483041549048,1262.4599134780333,211.219495218862,0.38262000000000007,0.3455201057348272,0.27599999999999997,0.10652047546076267,0.032519736008891756
30,FL-IMDR restricted,1.0,217.73698262785325,0.7578293813672097,1690.4183805814441,743.9123036658591,0.51342,0.0,0.0,0.0,0.0
31,Bayesian direct mechanism,0.723,214.2790819314705,0.7928256116192685,1043.6347996028799,0.0,0.7543510696548726,0.32671579894767844,0.274,0.05925743940127354,0.04617415849408323
31,Central welfare planner,0.999,220.812020791139,0.7884303232972096,1263.489112485628,157.99443589421134,0.4144395224977043,0.2899513927272067,0.22200000000000003,0.10554253047427639,0.030360254980137058
31,FL-IMDR restricted,0.974,220.2266692048885,0.7598729485214548,1658.1202003844014,592.4206487483675,0.48037233308171406,0.0,0.0,0.0,0.0
32,Bayesian direct mechanism,0.729,214.26696001963055,0.7928289039500236,1052.3267825439311,0.0,0.6745206714594373,0.3744883427521949,0.322,0.059846782087235,0.04512990341715487
32,Central welfare planner,1.0,220.13196356193436,0.784912271329121,1263.1922002154988,94.94846190844197,0.39376,0.34976685178829137,0.27999999999999997,0.10622356406174002,0.03331013951484277
32,FL-IMDR restricted,0.991,220.1603059449733,0.7609287400660552,1694.6670291505518,652.8398914730402,0.47872621965535644,0.0,0.0,0.0,0.0
33,Bayesian direct mechanism,0.666,212.73194021630985,0.7938335720215302,959.5625440177089,0.0,0.7292458065161791,0.32147268697215964,0.27,0.059907265772506976,0.043038108171812285
33,Central welfare planner,1.0,218.5341991427731,0.7836848521961004,1262.5807607441723,203.36398823312905,0.3931,0.2617486193741677,0.193,0.10643243908694403,0.03106479966139137
33,FL-IMDR restricted,0.983,216.51875862001762,0.7583151870370037,1653.8304685774826,746.2778455247482,0.5500274517458015,0.0,0.0,0.0,0.0
34,Bayesian direct mechanism,0.686,214.16577019793104,0.7936448597214638,990.1561166468698,0.0,0.8003696412585667,0.31037226933026596,0.26,0.05877234746315048,0.04197219119738142
34,Central welfare planner,1.0,220.1431684093522,0.7828077186530047,1264.096655046534,169.80218297361,0.38676000000000005,0.2994820044036235,0.23199999999999998,0.10530876127182043,0.029655247535426605
34,FL-IMDR restricted,0.986,217.7798840679301,0.754109463938096,1655.2422086727256,706.2493862130145,0.5689583374039524,0.0,0.0,0.0,0.0
35,Bayesian direct mechanism,0.693,214.40435967471066,0.7959654284907288,1000.5261703892041,0.0,0.6919555695518111,0.32918251910683727,0.278,0.05849567389887811,0.04386936431479647
35,Central welfare planner,1.0,220.34682868179266,0.7832304232657848,1264.2303761001417,160.66872423261455,0.38930000000000003,0.3091353118254548,0.24100000000000002,0.10537248601968156,0.030898137631227944
35,FL-IMDR restricted,0.9810000000000001,218.73270780015818,0.7562376665433441,1658.2891106773263,692.2276478272853,0.5302933374999323,0.0,0.0,0.0,0.0
36,Bayesian direct mechanism,0.7150000000000001,215.18883484651928,0.7925578005199305,1033.2305387082674,0.0,0.8066866683771897,0.3732717795724675,0.322,0.057959002861731834,0.044584556283203174
36,Central welfare planner,0.993,221.3529718983811,0.7861439850354938,1256.9404505157368,190.6703128941997,0.3976504662789512,0.3336487928821554,0.267,0.10485444882624848,0.02844313693806223
36,FL-IMDR restricted,0.986,220.5158463915418,0.7555113975670701,1675.7143048559567,656.102418030382,0.5075054114147675,0.0,0.0,0.0,0.0
37,Bayesian direct mechanism,0.7030000000000001,214.89170585531116,0.7897498343572329,1015.5476449091988,0.0,0.7758915405137142,0.3561048409220836,0.304,0.05890983140725581,0.04529985043691135
37,Central welfare planner,1.0,221.28233978066288,0.7843635340340324,1265.485311371194,172.5321771139962,0.38070000000000004,0.31006919300080765,0.24300000000000002,0.104824115643853,0.029314270357762306
37,FL-IMDR restricted,0.9789999999999999,219.42283692234622,0.7546690553800446,1649.9533470577421,634.4617692383565,0.5455767974454573,0.0,0.0,0.0,0.0
38,Bayesian direct mechanism,0.701,214.11736626455178,0.7910735609539111,1011.7234366037555,0.0,0.7483039566052184,0.32698452517688537,0.275,0.05864191260662506,0.04532713774714574
38,Central welfare planner,0.993,220.51575423650124,0.7837372517616712,1255.647213574072,165.17667322068291,0.3857416386083053,0.3170955369137477,0.24900000000000003,0.10464379868260695,0.031547275144888434
38,FL-IMDR restricted,0.974,220.3945170789445,0.7572671526642607,1657.8701796769212,630.374520723264,0.4955716276329224,0.0,0.0,0.0,0.0
39,Bayesian direct mechanism,0.6950000000000001,216.18598276295637,0.7950130233902621,1005.5499445479076,0.0,0.7481447721428527,0.31719894752803796,0.266,0.05741429984020181,0.044983595215874125
39,Central welfare planner,0.9970000000000001,221.10168841978884,0.7836249828480966,1261.4201203041707,167.55817508790474,0.3844962350780533,0.34218452606439465,0.275,0.10489460908751509,0.029474443041274244
39,FL-IMDR restricted,0.984,219.1181189720324,0.7533518975841282,1656.8571602124416,669.253715933961,0.5616492639955822,0.0,0.0,0.0,0.0
40,Bayesian direct mechanism,0.718,213.68144780466136,0.7966611458507715,1035.7136884820607,0.0,0.6842606326906354,0.3742538315346127,0.32,0.05914218293385234,0.04936548013537309
40,Central welfare planner,1.0,218.6282489646553,0.7825692468522876,1262.1320725745177,156.26919979393284,0.35474,0.34806935568390734,0.279,0.1059842290303687,0.032154482337446014
40,FL-IMDR restricted,0.9960000000000001,219.38640270763653,0.759573411049818,1700.6033201224727,734.7274673865826,0.4812850749923478,0.0,0.0,0.0,0.0
41,Bayesian direct mechanism,0.7030000000000001,215.59382888798967,0.7938615746126283,1016.3833040105677,0.0,0.703958761694855,0.31782886205201966,0.265,0.059114929168767,0.04654279493527227
41,Central welfare planner,0.99,220.07762432069194,0.7856455566230265,1252.2643960470368,242.52446020257943,0.3910213243546577,0.31711640354402937,0.24900000000000003,0.10491668525508106,0.03131612183297771
41,FL-IMDR restricted,0.9640000000000001,219.90972683654564,0.7575433594477896,1633.578549790725,594.705843429008,0.5214925740088324,0.0,0.0,0.0,0.0
42,Bayesian direct mechanism,0.67,214.98766131377843,0.7912571840081867,967.986510085588,0.0,0.7995145517409925,0.3314718517927524,0.279,0.05840182297244171,0.046541880613063066
42,Central welfare planner,1.0,221.25359038893134,0.7828742899325298,1265.5076183954461,177.28090632432153,0.36428000000000005,0.3762191201975143,0.31,0.10466057493358168,0.027777665461446915
42,FL-IMDR restricted,1.0,218.88406354294543,0.7520699039764385,1684.941266731331,773.7834305848926,0.5597,0.0,0.0,0.0,0.0
43,Bayesian direct mechanism,0.746,212.8690684502165,0.7942327105829512,1075.0314365084255,0.0,0.6759614275045405,0.3720287025432383,0.32,0.0602878869646921,0.04376951812178442
43,Central welfare planner,1.0,218.83526602114776,0.7865770622914262,1262.1998622790638,141.26182932657213,0.40906000000000003,0.3159175084193531,0.246,0.10714495748171989,0.032690059356986344
43,FL-IMDR restricted,0.99,217.03068435472224,0.7607091705226405,1671.4870414850461,679.5259238570713,0.5181308029792878,0.0,0.0,0.0,0.0
44,Bayesian direct mechanism,0.725,213.8681702475219,0.7950844184785297,1046.0221184261068,0.0,0.702343445209779,0.3421258614818913,0.29100000000000004,0.05970470172797282,0.04254702123580975
44,Central welfare planner,1.0,219.5941051945832,0.7875819273281669,1263.476505304877,172.61592615132702,0.40998,0.34162205896010145,0.27199999999999996,0.10655766984949108,0.03268644807071175
44,FL-IMDR restricted,0.991,218.02028605876444,0.7581499064128534,1670.3294900242465,632.8598934307547,0.5462014929168759,0.0,0.0,0.0,0.0
45,Bayesian direct mechanism,0.663,217.53838764069056,0.7912556172613779,960.8177745245196,0.0,0.8232659138049947,0.3246426784971572,0.272,0.056564104712461614,0.04872125228185284
45,Central welfare planner,1.0,222.9982628611627,0.7813921138159297,1268.4312970309804,248.40266448606957,0.35660000000000003,0.3221722797765609,0.257,0.1022394762188111,0.028105083334310704
45,FL-IMDR restricted,0.959,221.95505355857625,0.7481167887377016,1619.7622631199501,621.0069313537468,0.5613829552771697,0.0,0.0,0.0,0.0
46,Bayesian direct mechanism,0.712,217.22856190361108,0.7933607525444533,1031.4595023684383,0.0,0.7873265602127927,0.3640972232087886,0.311,0.05726515966821436,0.04892928674936289
46,Central welfare planner,1.0,223.52499010292496,0.786357930197898,1267.8540488929468,147.24109671501654,0.41696,0.23422495338082502,0.167,0.10355750231929692,0.030892404442353128
46,FL-IMDR restricted,0.985,222.79098069598757,0.7550953134987772,1697.5824916319718,737.5967200224025,0.4556094458466056,0.0,0.0,0.0,0.0
47,Bayesian direct mechanism,0.734,212.9816240733,0.7942167269936794,1057.9081849109305,0.0,0.7003997708516827,0.3216299394156388,0.27,0.060674731734098784,0.042585147097178734
47,Central welfare planner,1.0,218.23207586019748,0.7865317894146788,1261.333463687238,128.8033637082225,0.40591999999999995,0.34122241927567454,0.272,0.10779890763021907,0.030645930921129976
47,FL-IMDR restricted,0.999,216.64058066766734,0.7613042247235039,1684.9997786497345,692.1364830248767,0.518633731251913,0.0,0.0,0.0,0.0
48,Bayesian direct mechanism,0.704,212.5172826484981,0.7958466355803353,1014.0736042413188,0.0,0.6912846751231335,0.36116196025547753,0.309,0.05974693819548118,0.0445769823154738
48,Central welfare planner,0.9949999999999999,218.4489558850376,0.7861014371192943,1255.7948716852347,170.96462515383732,0.41310969084787263,0.29924540592454807,0.22999999999999998,0.1066761173450745,0.03181469450402165
48,FL-IMDR restricted,0.97,219.2779057823539,0.7652104917700434,1660.2123874212689,608.7415768043302,0.47487011082901087,0.0,0.0,0.0,0.0
49,Bayesian direct mechanism,0.742,214.23737723922562,0.793594127142238,1071.0318443141502,0.0,0.6944322734910204,0.4078912966540293,0.355,0.0600479879504741,0.04573460535758448
49,Central welfare planner,0.991,218.9310959098434,0.7850238939727749,1250.594901456208,109.93470377667248,0.38073114580144884,0.3764584817877902,0.307,0.10634364389346866,0.032573319682111676
49,FL-IMDR restricted,0.9800000000000001,218.91098505514975,0.761305528623663,1663.691737927431,587.9387311048795,0.4964806330695543,0.0,0.0,0.0,0.0
