mechanism,round,n,insured_pct_mean,insured_pct_ci95,override_residual_mean,override_residual_ci95
Bayesian direct mechanism,1,50,0.1108,0.008150645618599793,,
Bayesian direct mechanism,2,50,0.1024,0.008106664912280513,,
Bayesian direct mechanism,3,50,0.1018,0.008560676608773396,,
Bayesian direct mechanism,4,50,0.1066,0.008740486027676036,,
Bayesian direct mechanism,5,50,0.1084,0.00925881720307729,,
Bayesian direct mechanism,6,50,0.7178,0.011315464815905708,0.3383269248464809,0.012027319452927112
Bayesian direct mechanism,7,50,0.7091999999999998,0.013806470367186536,0.34580942060647746,0.0134695003461118
Bayesian direct mechanism,8,50,0.7094,0.011765465396659836,0.3376086026969069,0.01435249454235903
Bayesian direct mechanism,9,50,0.709,0.011588753168481927,0.3460779731261214,0.012065754479903141
Bayesian direct mechanism,10,50,0.7164,0.011527841775458231,0.33277447700573864,0.011320371446105015
Bayesian direct mechanism,11,50,0.7189999999999999,0.012195277774614236,0.3375852368689889,0.01329476632658953
Bayesian direct mechanism,12,50,0.709,0.01193535923213038,0.3368859094869902,0.013430939169972863
Bayesian direct mechanism,13,50,0.7053999999999999,0.01009880468174328,0.343419842202729,0.011049791852727689
Bayesian direct mechanism,14,50,0.7067999999999999,0.01144155513905343,0.33896414809041514,0.013003213324583941
Bayesian direct mechanism,15,50,0.7014000000000001,0.01353312735475433,0.34550918454735075,0.013594795249401215
Bayesian direct mechanism,16,50,0.6970000000000001,0.010465409690977218,0.3462510269052237,0.013139567747237131
Bayesian direct mechanism,17,50,0.7005999999999999,0.011050745495214336,0.34281607260332214,0.013128659564998408
Bayesian direct mechanism,18,50,0.7068000000000001,0.010468256015210937,0.3413141670655644,0.011871052145199144
Bayesian direct mechanism,19,50,0.7049999999999998,0.009622390555366163,0.3458785752613482,0.012142079717491087
Bayesian direct mechanism,20,50,0.7051999999999999,0.01229757959925448,0.3441645458885512,0.014732137975765393
Bayesian direct mechanism,21,50,0.6992,0.011267556256793217,0.3499160972974398,0.013082074134958724
Bayesian direct mechanism,22,50,0.7081999999999999,0.010738136896128674,0.3435345660936512,0.011765251584657596
Bayesian direct mechanism,23,50,0.6990000000000001,0.011961605243444542,0.3542803187931305,0.013562088189088597
Bayesian direct mechanism,24,50,0.6969999999999998,0.012512585664042423,0.348278665894202,0.016413534955742392
Bayesian direct mechanism,25,50,0.7024000000000001,0.011165787746504943,0.34810837881275425,0.013484221408039012
Bayesian direct mechanism,26,50,0.7080000000000001,0.011558269766708163,0.343512574630489,0.015023442553348646
Bayesian direct mechanism,27,50,0.7067999999999999,0.012527489133900697,0.34123545332042243,0.012727280714717626
Bayesian direct mechanism,28,50,0.7108000000000001,0.012241348945275596,0.3408723182724056,0.013991225737798294
Bayesian direct mechanism,29,50,0.7105999999999999,0.011563830507232453,0.3475971704721893,0.012243439473323675
Bayesian direct mechanism,30,50,0.7,0.010959416042837317,0.35091671819308806,0.011673200918188208
Bayesian direct mechanism,31,50,0.6958,0.01157304730829352,0.35062062603568545,0.013082924343803865
Bayesian direct mechanism,32,50,0.704,0.010844353369380763,0.342046635379742,0.010674930966444542
Bayesian direct mechanism,33,50,0.7014000000000001,0.010959559115219914,0.34441894010076846,0.01069295201500599
Bayesian direct mechanism,34,50,0.7084,0.012028403717867136,0.3388028003516617,0.013782876522385632
Bayesian direct mechanism,35,50,0.7073999999999999,0.01206029916710195,0.34147534507244326,0.010044694808262979
Bayesian direct mechanism,36,50,0.6979999999999998,0.011297574961025925,0.34808334958408094,0.013111013440224981
Bayesian direct mechanism,37,50,0.7043999999999998,0.011868301310634136,0.34751743958859516,0.009902481152965912
Bayesian direct mechanism,38,50,0.7160000000000001,0.011652845146143493,0.33965820750338954,0.011246918762114599
Bayesian direct mechanism,39,50,0.7006,0.012223018285186354,0.35128709802677904,0.012812381803390683
Bayesian direct mechanism,40,50,0.693,0.011588753168481928,0.35659259081101685,0.013211332512544692
Bayesian direct mechanism,41,50,0.7054,0.010745727336946528,0.35050360789827273,0.013762271279583021
Bayesian direct mechanism,42,50,0.7071999999999999,0.01315749763442882,0.34931062742346003,0.012092409510229546
Bayesian direct mechanism,43,50,0.7075999999999999,0.011249729596750312,0.3516158487602874,0.012640036419287844
Bayesian direct mechanism,44,50,0.7049999999999998,0.011974706676992134,0.3532038759740945,0.012913013411386216
Bayesian direct mechanism,45,50,0.7082,0.013598778768698316,0.34848220212870096,0.011464450872405621
Bayesian direct mechanism,46,50,0.7038000000000001,0.012817640344462783,0.35329479095706595,0.012062908794832957
Bayesian direct mechanism,47,50,0.7092,0.012507446741841436,0.3464947509339335,0.010935903109181353
Bayesian direct mechanism,48,50,0.7065999999999998,0.012302296371003258,0.3473810437531826,0.013893995228009288
Bayesian direct mechanism,49,50,0.7148,0.010789850045297204,0.3425557333725071,0.011542904738333222
Bayesian direct mechanism,50,50,0.7164,0.010458065595510478,0.3376709436646479,0.010989006952708201
Bayesian direct mechanism,51,50,0.7088,0.012353554306352483,0.3427462530213257,0.011953303437612302
Bayesian direct mechanism,52,50,0.6993999999999998,0.011590917823882625,0.34842902094158157,0.012621913972522483
Bayesian direct mechanism,53,50,0.7018,0.01053172274606581,0.35425922959707956,0.010993887818955198
Bayesian direct mechanism,54,50,0.7064,0.009265588810216,0.34250981214410586,0.013825951695474018
Bayesian direct mechanism,55,50,0.6998000000000001,0.012377013533158955,0.3420051933737443,0.014054234456702185
Bayesian direct mechanism,56,50,0.7034,0.011333741482846695,0.3465549771022467,0.012560924167860948
Bayesian direct mechanism,57,50,0.7121999999999999,0.01289569478547007,0.3403271446748139,0.013146596302300065
Bayesian direct mechanism,58,50,0.7058,0.012244550788003619,0.3444014119119677,0.012922222019156373
Bayesian direct mechanism,59,50,0.7116,0.012501427758460228,0.340930882188387,0.011792924487362322
Bayesian direct mechanism,60,50,0.7114,0.012782360345413517,0.34133471514736013,0.012853748673571213
Bayesian direct mechanism,61,50,0.7014,0.012243526289431489,0.34681864795784256,0.01275856600410436
Bayesian direct mechanism,62,50,0.6982,0.013506220196635324,0.3508494208832513,0.014102112388045032
Bayesian direct mechanism,63,50,0.7008,0.009417994691015698,0.344519397596129,0.011172686281080023
Bayesian direct mechanism,64,50,0.7116,0.010950255522132803,0.34324959102290153,0.011790541252919633
Bayesian direct mechanism,65,50,0.7088,0.0120710854524355,0.33690724022788826,0.012789305896665059
Bayesian direct mechanism,66,50,0.7048000000000002,0.013582049329905997,0.3397979853032594,0.013720450275867624
Bayesian direct mechanism,67,50,0.7093999999999998,0.011989886404799671,0.3365890278911043,0.014042959413375076
Bayesian direct mechanism,68,50,0.7071999999999999,0.0117204668848984,0.3421937182974342,0.01052156073114461
Bayesian direct mechanism,69,50,0.711,0.011479999999999999,0.3373707350373899,0.011966720449215122
Bayesian direct mechanism,70,50,0.704,0.01157182785907222,0.33904502813307985,0.01344978436928368
Bayesian direct mechanism,71,50,0.7116,0.0111489235354809,0.33945788773735946,0.01167888381586551
Bayesian direct mechanism,72,50,0.699,0.011843040150231694,0.3443891837060625,0.012693995459355198
Bayesian direct mechanism,73,50,0.6901999999999999,0.010302934727542437,0.3571733852713177,0.013335969066429561
Bayesian direct mechanism,74,50,0.7019999999999998,0.011129779872037001,0.3371433895899896,0.01229354260503381
Bayesian direct mechanism,75,50,0.7066,0.01231503536332722,0.3423450158935369,0.014082665047440325
Bayesian direct mechanism,76,50,0.6911999999999999,0.012948478829576851,0.3558383234388536,0.014259401327129731
Bayesian direct mechanism,77,50,0.6896000000000001,0.009369922945254135,0.35417478710472045,0.012381412694565332
Bayesian direct mechanism,78,50,0.7127999999999999,0.012231097416013005,0.3353623278455288,0.01276586253683566
Bayesian direct mechanism,79,50,0.6995999999999998,0.01350935438871895,0.3447784175713347,0.014843418208717882
Bayesian direct mechanism,80,50,0.7042,0.01012795260652418,0.34418579716561,0.013179207357687815
Bayesian direct mechanism,81,50,0.699,0.011438951000856677,0.3492509234685499,0.014153125635073727
Bayesian direct mechanism,82,50,0.6978,0.012425061126610201,0.35575379357713843,0.013868525385324498
Bayesian direct mechanism,83,50,0.6984,0.011274790286298011,0.3520308690616519,0.013151702161212808
Bayesian direct mechanism,84,50,0.7051999999999998,0.009654763798250062,0.3421412272819978,0.01062489245856855
Bayesian direct mechanism,85,50,0.6901999999999999,0.010378750599180999,0.3558101610684933,0.012423589299901004
Bayesian direct mechanism,86,50,0.7016000000000001,0.011454156276216942,0.342199176774745,0.014290132609841856
Bayesian direct mechanism,87,50,0.7016,0.01250142775846023,0.34328440778843394,0.012775176314173705
Bayesian direct mechanism,88,50,0.6953999999999998,0.01247443209128175,0.3504956328952641,0.013541513438656849
Bayesian direct mechanism,89,50,0.6978000000000002,0.013337996251311515,0.35362923246808237,0.012429407971295553
Bayesian direct mechanism,90,50,0.7040000000000001,0.01235812283479979,0.3500544615597072,0.013914281913958652
Bayesian direct mechanism,91,50,0.7056,0.012918412286345408,0.3423035386773206,0.01456744132635437
Bayesian direct mechanism,92,50,0.7008,0.01309538178137621,0.3571908744734394,0.012888681068849526
Bayesian direct mechanism,93,50,0.7038,0.012009225786869025,0.3502419079148552,0.013539942648246974
Bayesian direct mechanism,94,50,0.703,0.01177665487309533,0.3546632401554578,0.011880023594825262
Bayesian direct mechanism,95,50,0.7094,0.01022533011692043,0.3527824431738643,0.009962334302817268
Bayesian direct mechanism,96,50,0.7016,0.01138550376575406,0.3596448121973115,0.012914278330144089
Bayesian direct mechanism,97,50,0.7009999999999998,0.0096711529819355,0.3593450027590512,0.012582833198850193
Bayesian direct mechanism,98,50,0.7101999999999999,0.010469004919284352,0.3497233281356811,0.012047461486519022
Bayesian direct mechanism,99,50,0.7030000000000001,0.010977285638991086,0.35357984786254276,0.013090440737956538
Bayesian direct mechanism,100,50,0.7153999999999999,0.010419762761214865,0.33859383871606963,0.011901205008096305
Bayesian direct mechanism,101,50,0.7136000000000001,0.010782872344602804,0.3439710210232599,0.014140148775880509
Bayesian direct mechanism,102,50,0.7046000000000001,0.011216927208464891,0.3526289647021422,0.012419826052847801
Bayesian direct mechanism,103,50,0.7209999999999998,0.01374283813482499,0.33447098229958,0.013800836848570065
Bayesian direct mechanism,104,50,0.7088000000000001,0.010968568913035099,0.3471872211514259,0.011262875144699215
Bayesian direct mechanism,105,50,0.6984000000000001,0.01036166473111343,0.3531432931278399,0.011918897618051255
Bayesian direct mechanism,106,50,0.7071999999999999,0.010815976331335046,0.35195340234368655,0.010890298334607602
Bayesian direct mechanism,107,50,0.705,0.011105097928429083,0.3507295602991334,0.012866292356203419
Bayesian direct mechanism,108,50,0.7069999999999999,0.012512585664042423,0.3430659163032857,0.011056653454272787
Bayesian direct mechanism,109,50,0.7014000000000001,0.011558405426355315,0.35433336377566876,0.014880202578505143
Bayesian direct mechanism,110,50,0.7059999999999998,0.010973714047668637,0.35049554444061626,0.013689624196968259
Bayesian direct mechanism,111,50,0.71,0.012062769167981288,0.34986608530115165,0.012856100797975875
Bayesian direct mechanism,112,50,0.7138,0.011071725430121542,0.341045365889341,0.011886177123387751
Bayesian direct mechanism,113,50,0.7145999999999999,0.010554328780173563,0.3396409118065867,0.013780504725938251
Bayesian direct mechanism,114,50,0.7123999999999998,0.00970853315388066,0.3533019653593078,0.013947326997630575
Bayesian direct mechanism,115,50,0.705,0.010891244189714962,0.35058899093919976,0.012150630159302473
Bayesian direct mechanism,116,50,0.7053999999999999,0.012156128331010659,0.34662450041690457,0.01251309266514798
Bayesian direct mechanism,117,50,0.7084,0.0111629788139188,0.35078077163256777,0.009866587567981642
Bayesian direct mechanism,118,50,0.7121999999999999,0.012195792061198812,0.34642760740968326,0.012027954307517538
Bayesian direct mechanism,119,50,0.7128,0.011866715805141705,0.34524036738847275,0.013193807658063985
Bayesian direct mechanism,120,50,0.7145999999999999,0.010803937060164689,0.3443292632431206,0.013190644075542312
Central welfare planner,1,50,0.12219999999999999,0.00860816728461988,,
Central welfare planner,2,50,0.1142,0.008766996292915837,,
Central welfare planner,3,50,0.1144,0.00955551024278662,,
Central welfare planner,4,50,0.12279999999999999,0.008819599990929293,,
Central welfare planner,5,50,0.12,0.008907345283528646,,
Central welfare planner,6,50,0.9984000000000001,0.001026496955670109,0.33544813547275276,0.009379054076409427
Central welfare planner,7,50,0.9982,0.0010757248718887193,0.33593665346229984,0.008775904742380837
Central welfare planner,8,50,0.9976,0.0013204605257257798,0.334911981749822,0.009381293640142797
Central welfare planner,9,50,0.9982,0.0010757248718887193,0.3273277060484311,0.009376215959609044
Central welfare planner,10,50,0.998,0.001120000000000001,0.3274715809976516,0.010559811212765053
Central welfare planner,11,50,0.9976,0.0013204605257257798,0.3321395967466005,0.009955540523252801
Central welfare planner,12,50,0.9982000000000001,0.0012127588383516329,0.33059778890627256,0.01008236106312183
Central welfare planner,13,50,0.998,0.0012521980673998834,0.33184317344201814,0.010038977748038264
Central welfare planner,14,50,0.9980000000000001,0.0012521980673998834,0.33536716722410065,0.0084007664566066
Central welfare planner,15,50,0.9984000000000001,0.001026496955670109,0.33424295872552634,0.008898746031048028
Central welfare planner,16,50,0.998,0.001120000000000001,0.3238333154047527,0.008938147278901598
Central welfare planner,17,50,0.9982000000000001,0.0012127588383516329,0.3234191855826516,0.009607134780352003
Central welfare planner,18,50,0.9978000000000001,0.001288000000000001,0.3254994801810254,0.01007284623003405
Central welfare planner,19,50,0.9974,0.0014613746952783888,0.327303913177223,0.010100046757839974
Central welfare planner,20,50,0.9980000000000001,0.0012521980673998836,0.3296516040736636,0.009778145180201111
Central welfare planner,21,50,0.9978000000000001,0.001288000000000001,0.32942770027107326,0.009525825310628934
Central welfare planner,22,50,0.9975999999999999,0.0013204605257257798,0.3273309523173612,0.01039235980883856
Central welfare planner,23,50,0.9974,0.0014613746952783888,0.3251885249877599,0.009741562610256776
Central welfare planner,24,50,0.9980000000000001,0.0012521980673998834,0.3234559863176898,0.009841441382191474
Central welfare planner,25,50,0.9972000000000001,0.001376279041473786,0.3218026366069473,0.0101888154934475
Central welfare planner,26,50,0.9974,0.0013498207288377233,0.325427779934207,0.008642727119978296
Central welfare planner,27,50,0.9974,0.0014613746952783888,0.3265346774740167,0.009535702408833793
Central welfare planner,28,50,0.9982000000000001,0.0010757248718887193,0.3264313300712967,0.009904209801126253
Central welfare planner,29,50,0.9978000000000001,0.001288000000000001,0.32836460394376865,0.010040873851446608
Central welfare planner,30,50,0.9976,0.0014342998291849594,0.32893595327067776,0.009726939294545996
Central welfare planner,31,50,0.9974,0.0014613746952783888,0.32752403014002046,0.010100174581522896
Central welfare planner,32,50,0.9976,0.0014342998291849594,0.3315175766382283,0.011056518065211143
Central welfare planner,33,50,0.9976,0.0014342998291849594,0.32851671289208395,0.010133270113024567
Central welfare planner,34,50,0.9976,0.0014342998291849594,0.3268723611827199,0.009841276993654101
Central welfare planner,35,50,0.9974,0.0015649971245979988,0.32369385353145025,0.009860116687063951
Central welfare planner,36,50,0.9977999999999999,0.001288000000000001,0.32679463525627844,0.010090649604336147
Central welfare planner,37,50,0.998,0.0012521980673998834,0.3272207662354251,0.011114152927246842
Central welfare planner,38,50,0.9977999999999999,0.001288000000000001,0.3245947845744827,0.009601342763812854
Central welfare planner,39,50,0.9974,0.0013498207288377233,0.32658093927931553,0.009355817552330517
Central welfare planner,40,50,0.9976,0.0013204605257257798,0.32311486582091575,0.00997833975100647
Central welfare planner,41,50,0.9976,0.0014342998291849594,0.3248690542356675,0.010410977654653096
Central welfare planner,42,50,0.9972,0.0016837291943777673,0.32438225882841365,0.010144330158576938
Central welfare planner,43,50,0.997,0.001703173508483503,0.3247818184732412,0.010672702392229247
Central welfare planner,44,50,0.9972,0.0014858479060792205,0.32468096930037516,0.00889216505712894
Central welfare planner,45,50,0.997,0.0016084775410306494,0.3237986299730112,0.009692988955764334
Central welfare planner,46,50,0.9976,0.0014342998291849594,0.32500448653451824,0.009269457802376188
Central welfare planner,47,50,0.9972,0.0014858479060792205,0.32470089794907686,0.009414477357504093
Central welfare planner,48,50,0.9965999999999999,0.001544828793102978,0.3298479874362045,0.009510696640765209
Central welfare planner,49,50,0.997,0.0015078461459976623,0.3256603293828053,0.009770698663103468
Central welfare planner,50,50,0.9954,0.0018749549327917207,0.32622160055408345,0.008606026770110695
Central welfare planner,51,50,0.9956,0.001870768825910889,0.3271314145865192,0.01020656114555012
Central welfare planner,52,50,0.9967999999999999,0.0015274763500624173,0.32666248256382985,0.009431981684223979
Central welfare planner,53,50,0.9967999999999999,0.0014211206845303477,0.3232905803320388,0.009803401562370409
Central welfare planner,54,50,0.9966000000000002,0.0016431968841255768,0.3263351691473924,0.009672701561473021
Central welfare planner,55,50,0.997,0.0015078461459976623,0.3219928384141445,0.009658890292567985
Central welfare planner,56,50,0.9976,0.0013204605257257798,0.32594129773039804,0.009837540979365948
Central welfare planner,57,50,0.9969999999999999,0.0015078461459976625,0.32333285590113464,0.009464919006835796
Central welfare planner,58,50,0.9964,0.0015599794870446227,0.3228978493221728,0.010444071782410256
Central welfare planner,59,50,0.9974000000000001,0.0012281758831698343,0.3217810816891486,0.007782819840791379
Central welfare planner,60,50,0.9972000000000001,0.001376279041473786,0.32402774954530406,0.009094293178995586
Central welfare planner,61,50,0.997,0.001283121194587636,0.3247702927131437,0.010549457123172049
Central welfare planner,62,50,0.9966000000000002,0.0013263845596206264,0.31703345356930557,0.0093820647420761
Central welfare planner,63,50,0.9974,0.0013498207288377233,0.3194860461695118,0.01012398831827872
Central welfare planner,64,50,0.997,0.001400000000000001,0.3192973233026399,0.008974111889324525
Central welfare planner,65,50,0.9978,0.001288000000000001,0.32019549370069095,0.009796449849834538
Central welfare planner,66,50,0.9978,0.001288000000000001,0.32062811718746204,0.010264419718929102
Central welfare planner,67,50,0.9974,0.0014613746952783888,0.3215913558901168,0.01026353580160779
Central welfare planner,68,50,0.9978000000000001,0.0011598896499236478,0.3212233990694296,0.01183719876659349
Central welfare planner,69,50,0.998,0.0012521980673998836,0.3189973016493385,0.011420256281470897
Central welfare planner,70,50,0.998,0.0012521980673998834,0.31687916148220535,0.011283954447020322
Central welfare planner,71,50,0.9978000000000001,0.0011598896499236478,0.3209239912709559,0.010544949918331256
Central welfare planner,72,50,0.9976,0.001195832764227508,0.3198264986198837,0.010027701651569899
Central welfare planner,73,50,0.9976,0.001195832764227508,0.3201265547642462,0.010489418697880618
Central welfare planner,74,50,0.9974000000000001,0.0012281758831698343,0.31996566910977825,0.011016239844298401
Central welfare planner,75,50,0.997,0.001283121194587636,0.3185391019083512,0.010061521276677005
Central welfare planner,76,50,0.9974000000000001,0.0012281758831698343,0.3211147155638453,0.009446501635393054
Central welfare planner,77,50,0.9972000000000001,0.0012571968819560454,0.3223018967898713,0.008520493687567007
Central welfare planner,78,50,0.9966000000000002,0.0014397555348044347,0.31952985263878053,0.007783218392416532
Central welfare planner,79,50,0.9972000000000001,0.0012571968819560454,0.3189255237550816,0.008616539475322368
Central welfare planner,80,50,0.997,0.001283121194587636,0.320950234271591,0.010194451717225165
Central welfare planner,81,50,0.9972000000000001,0.0012571968819560454,0.32351212713185795,0.009479470793831856
Central welfare planner,82,50,0.9974,0.0013498207288377233,0.3259910466199651,0.01053064448556272
Central welfare planner,83,50,0.9972,0.0013762790414737862,0.32691592621236254,0.009817307625997671
Central welfare planner,84,50,0.9972,0.0014858479060792205,0.3254203600874307,0.009007133141903002
Central welfare planner,85,50,0.9974000000000001,0.0012281758831698343,0.3263910887617974,0.009151608115490152
Central welfare planner,86,50,0.9982000000000001,0.0010757248718887193,0.3239581832971023,0.009109472707899566
Central welfare planner,87,50,0.9978,0.0011598896499236476,0.3283791359539101,0.009032155571765956
Central welfare planner,88,50,0.9982000000000001,0.0010757248718887193,0.32707726598001075,0.009973406607317251
Central welfare planner,89,50,0.9980000000000001,0.0012521980673998836,0.32256392717600507,0.00939913895518053
Central welfare planner,90,50,0.9978,0.001288000000000001,0.3227537651750154,0.010318582461964765
Central welfare planner,91,50,0.998,0.001120000000000001,0.3228542583715437,0.009331832058425632
Central welfare planner,92,50,0.9982000000000001,0.0010757248718887193,0.32409651446480986,0.00921807598799208
Central welfare planner,93,50,0.9987999999999999,0.0009098923013192284,0.3280270507407708,0.009442927129951796
Central welfare planner,94,50,0.9982,0.0012127588383516329,0.3270197251906165,0.009297672466952532
Central welfare planner,95,50,0.9986,0.0009715636880822593,0.3274706139328531,0.008167136008018614
Central welfare planner,96,50,0.9980000000000001,0.001120000000000001,0.3259975998447552,0.010091229552801877
Central welfare planner,97,50,0.9978,0.001288000000000001,0.328587280808326,0.010150515942944745
Central welfare planner,98,50,0.9982,0.0010757248718887193,0.327691276849363,0.009213997902461992
Central welfare planner,99,50,0.998,0.001120000000000001,0.323946756164129,0.008909819147656352
Central welfare planner,100,50,0.9982000000000001,0.0010757248718887193,0.32625424583156376,0.009524876799049911
Central welfare planner,101,50,0.9978,0.0011598896499236478,0.32743845096600405,0.009823935863051091
Central welfare planner,102,50,0.998,0.001120000000000001,0.3259654945016579,0.008074781104743288
Central welfare planner,103,50,0.9978,0.0011598896499236478,0.327777298298261,0.008951136879043984
Central welfare planner,104,50,0.9982000000000001,0.0010757248718887193,0.3244997979754467,0.00794238042771407
Central welfare planner,105,50,0.998,0.001120000000000001,0.32661531238264113,0.009645394425860359
Central welfare planner,106,50,0.998,0.001120000000000001,0.32419581700940403,0.009169050530541692
Central welfare planner,107,50,0.9980000000000001,0.001120000000000001,0.3268027548385203,0.00805264626355328
Central welfare planner,108,50,0.9976,0.001195832764227508,0.3284847885787358,0.008777750033460204
Central welfare planner,109,50,0.9974000000000001,0.0013498207288377235,0.3259348272971686,0.009185042856872043
Central welfare planner,110,50,0.9976,0.0013204605257257798,0.3271125314297778,0.008832333529117664
Central welfare planner,111,50,0.9968,0.001626893973189404,0.3286046104177375,0.00845755536939239
Central welfare planner,112,50,0.9974000000000001,0.0012281758831698343,0.32779776305019453,0.007913894882361522
Central welfare planner,113,50,0.9976,0.0013204605257257798,0.32820731301438355,0.009500219839377301
Central welfare planner,114,50,0.9974000000000001,0.0014613746952783888,0.3281029356354263,0.010304688006023516
Central welfare planner,115,50,0.9968,0.0014211206845303477,0.3277766750569736,0.011311834621066094
Central welfare planner,116,50,0.997,0.0015078461459976623,0.3246040669615401,0.010356198365786232
Central welfare planner,117,50,0.9974000000000001,0.0013498207288377233,0.3252781250772584,0.010533787861859807
Central welfare planner,118,50,0.9976000000000002,0.001195832764227508,0.3276969987662646,0.008993543762557031
Central welfare planner,119,50,0.9978,0.0011598896499236478,0.32723993399694024,0.008613815059407691
Central welfare planner,120,50,0.9982,0.0010757248718887193,0.3251143880255533,0.009087309898503851
FL-IMDR restricted,1,50,0.10859999999999997,0.007800098460917015,,
FL-IMDR restricted,2,50,0.10099999999999999,0.00825406566487086,,
FL-IMDR restricted,3,50,0.09879999999999999,0.008280428974394986,,
FL-IMDR restricted,4,50,0.105,0.008423301015635142,,
FL-IMDR restricted,5,50,0.10620000000000002,0.008799130866170818,,
FL-IMDR restricted,6,50,0.9265999999999999,0.007931664138123849,0.0,0.0
FL-IMDR restricted,7,50,0.9527999999999999,0.0064592061431727,0.0,0.0
FL-IMDR restricted,8,50,0.966,0.005627930347827696,0.0,0.0
FL-IMDR restricted,9,50,0.9716,0.004988716869095703,0.0,0.0
FL-IMDR restricted,10,50,0.9764000000000002,0.0046097219005055,0.0,0.0
FL-IMDR restricted,11,50,0.9793999999999999,0.003976000000000003,0.0,0.0
FL-IMDR restricted,12,50,0.9814000000000002,0.003920399979593922,0.0,0.0
FL-IMDR restricted,13,50,0.9818000000000001,0.0038672450142187816,0.0,0.0
FL-IMDR restricted,14,50,0.9822,0.0038914963702925414,0.0,0.0
FL-IMDR restricted,15,50,0.982,0.0035417509793885882,0.0,0.0
FL-IMDR restricted,16,50,0.9826,0.003991743478732073,0.0,0.0
FL-IMDR restricted,17,50,0.9815999999999998,0.003468385215053256,0.0,0.0
FL-IMDR restricted,18,50,0.9837999999999998,0.0036244591320637107,0.0,0.0
FL-IMDR restricted,19,50,0.9823999999999998,0.003738183516094417,0.0,0.0
FL-IMDR restricted,20,50,0.9801999999999998,0.0038591273625004927,0.0,0.0
FL-IMDR restricted,21,50,0.9824,0.0038211537524679667,0.0,0.0
FL-IMDR restricted,22,50,0.9832000000000001,0.003977182922622497,0.0,0.0
FL-IMDR restricted,23,50,0.9814,0.004228278136546842,0.0,0.0
FL-IMDR restricted,24,50,0.9822,0.0042386488413172435,0.0,0.0
FL-IMDR restricted,25,50,0.9788,0.004870390538755594,0.0,0.0
FL-IMDR restricted,26,50,0.9804,0.005100613296457593,0.0,0.0
FL-IMDR restricted,27,50,0.98,0.004617878300691779,0.0,0.0
FL-IMDR restricted,28,50,0.9814,0.0039995919791898805,0.0,0.0
FL-IMDR restricted,29,50,0.9811999999999999,0.00428829849707317,0.0,0.0
FL-IMDR restricted,30,50,0.9792000000000002,0.004331953831702276,0.0,0.0
FL-IMDR restricted,31,50,0.982,0.004264832939283793,0.0,0.0
FL-IMDR restricted,32,50,0.9819999999999999,0.003798104790550153,0.0,0.0
FL-IMDR restricted,33,50,0.9803999999999999,0.004616519901397591,0.0,0.0
FL-IMDR restricted,34,50,0.9831999999999997,0.0035611773334109633,0.0,0.0
FL-IMDR restricted,35,50,0.9838,0.004072628635169186,0.0,0.0
FL-IMDR restricted,36,50,0.9839999999999999,0.004190656273186815,0.0,0.0
FL-IMDR restricted,37,50,0.983,0.00400898989771738,0.0,0.0
FL-IMDR restricted,38,50,0.9832,0.004131874151036065,0.0,0.0
FL-IMDR restricted,39,50,0.9846,0.004160992189370224,0.0,0.0
FL-IMDR restricted,40,50,0.9830000000000001,0.004274014506292651,0.0,0.0
FL-IMDR restricted,41,50,0.9829999999999999,0.004626359259720327,0.0,0.0
FL-IMDR restricted,42,50,0.9829999999999999,0.004523538437992985,0.0,0.0
FL-IMDR restricted,43,50,0.9811999999999999,0.005331482345464535,0.0,0.0
FL-IMDR restricted,44,50,0.9805999999999999,0.0048306289445578425,0.0,0.0
FL-IMDR restricted,45,50,0.9805999999999999,0.004529081143013448,0.0,0.0
FL-IMDR restricted,46,50,0.9797999999999999,0.005116880299557536,0.0,0.0
FL-IMDR restricted,47,50,0.9799999999999999,0.0054004444261560565,0.0,0.0
FL-IMDR restricted,48,50,0.9814,0.004914299136194298,0.0,0.0
FL-IMDR restricted,49,50,0.9815999999999999,0.005051187583133299,0.0,0.0
FL-IMDR restricted,50,50,0.9824,0.0046368541059645186,0.0,0.0
FL-IMDR restricted,51,50,0.9833999999999999,0.00480459113765157,0.0,0.0
FL-IMDR restricted,52,50,0.9833999999999999,0.004213418564538778,0.0,0.0
FL-IMDR restricted,53,50,0.9825999999999999,0.004611422340233002,0.0,0.0
FL-IMDR restricted,54,50,0.9812000000000001,0.004934359532907994,0.0,0.0
FL-IMDR restricted,55,50,0.9810000000000001,0.003767014733180642,0.0,0.0
FL-IMDR restricted,56,50,0.9803999999999999,0.004113618358574362,0.0,0.0
FL-IMDR restricted,57,50,0.9802,0.004600528665273158,0.0,0.0
FL-IMDR restricted,58,50,0.9805999999999999,0.0046317789239125,0.0,0.0
FL-IMDR restricted,59,50,0.9805999999999999,0.00459780121362375,0.0,0.0
FL-IMDR restricted,60,50,0.9808,0.00418466533906835,0.0,0.0
FL-IMDR restricted,61,50,0.9805999999999999,0.004352536731608365,0.0,0.0
FL-IMDR restricted,62,50,0.9793999999999999,0.004494327090900264,0.0,0.0
FL-IMDR restricted,63,50,0.9803999999999999,0.004113618358574362,0.0,0.0
FL-IMDR restricted,64,50,0.9807999999999999,0.004646312946842909,0.0,0.0
FL-IMDR restricted,65,50,0.9806,0.004168522040244001,0.0,0.0
FL-IMDR restricted,66,50,0.9825999999999999,0.003952267197445034,0.0,0.0
FL-IMDR restricted,67,50,0.9805999999999999,0.004279880372159953,0.0,0.0
FL-IMDR restricted,68,50,0.9814,0.004584139613929752,0.0,0.0
FL-IMDR restricted,69,50,0.9813999999999998,0.0039995919791898805,0.0,0.0
FL-IMDR restricted,70,50,0.9835999999999998,0.003910388216021528,0.0,0.0
FL-IMDR restricted,71,50,0.9832,0.004131874151036065,0.0,0.0
FL-IMDR restricted,72,50,0.9840000000000001,0.003360000000000003,0.0,0.0
FL-IMDR restricted,73,50,0.9852000000000001,0.0037247367692227625,0.0,0.0
FL-IMDR restricted,74,50,0.9838,0.003536877719118944,0.0,0.0
FL-IMDR restricted,75,50,0.9821999999999999,0.003598408537117488,0.0,0.0
FL-IMDR restricted,76,50,0.9807999999999999,0.004221969208793452,0.0,0.0
FL-IMDR restricted,77,50,0.9794000000000002,0.004316361430649664,0.0,0.0
FL-IMDR restricted,78,50,0.9809999999999998,0.004592341450719884,0.0,0.0
FL-IMDR restricted,79,50,0.9795999999999998,0.004478599781181616,0.0,0.0
FL-IMDR restricted,80,50,0.981,0.004660128753586108,0.0,0.0
FL-IMDR restricted,81,50,0.9813999999999998,0.004228278136546839,0.0,0.0
FL-IMDR restricted,82,50,0.9823999999999999,0.003981911098957388,0.0,0.0
FL-IMDR restricted,83,50,0.9817999999999999,0.003907580325469974,0.0,0.0
FL-IMDR restricted,84,50,0.9812000000000001,0.003985060099923215,0.0,0.0
FL-IMDR restricted,85,50,0.9818000000000001,0.00425342027079385,0.0,0.0
FL-IMDR restricted,86,50,0.9805999999999999,0.0042798803721599546,0.0,0.0
FL-IMDR restricted,87,50,0.9805999999999999,0.004243085669651278,0.0,0.0
FL-IMDR restricted,88,50,0.9799999999999999,0.004301441618806424,0.0,0.0
FL-IMDR restricted,89,50,0.9797999999999999,0.004426834534969659,0.0,0.0
FL-IMDR restricted,90,50,0.9805999999999999,0.00459780121362375,0.0,0.0
FL-IMDR restricted,91,50,0.9825999999999999,0.0042208548897113285,0.0,0.0
FL-IMDR restricted,92,50,0.982,0.0045837975522485756,0.0,0.0
FL-IMDR restricted,93,50,0.9833999999999999,0.0043955541175146546,0.0,0.0
FL-IMDR restricted,94,50,0.9827999999999999,0.004154581085982078,0.0,0.0
FL-IMDR restricted,95,50,0.9826,0.004473345057113304,0.0,0.0
FL-IMDR restricted,96,50,0.9824,0.004021096367907642,0.0,0.0
FL-IMDR restricted,97,50,0.9818000000000001,0.004362612061597964,0.0,0.0
FL-IMDR restricted,98,50,0.981,0.004162499249249185,0.0,0.0
FL-IMDR restricted,99,50,0.9817999999999999,0.004064921155446933,0.0,0.0
FL-IMDR restricted,100,50,0.9817999999999998,0.00402616244083619,0.0,0.0
FL-IMDR restricted,101,50,0.9814,0.004301806132312337,0.0,0.0
FL-IMDR restricted,102,50,0.9803999999999999,0.004408021778530596,0.0,0.0
FL-IMDR restricted,103,50,0.9834,0.004176038314000485,0.0,0.0
FL-IMDR restricted,104,50,0.9832,0.0040164143212572095,0.0,0.0
FL-IMDR restricted,105,50,0.9819999999999999,0.003629214791108404,0.0,0.0
FL-IMDR restricted,106,50,0.981,0.003552801711325868,0.0,0.0
FL-IMDR restricted,107,50,0.9825999999999999,0.00387210743652601,0.0,0.0
FL-IMDR restricted,108,50,0.9812000000000001,0.0036567614086784523,0.0,0.0
FL-IMDR restricted,109,50,0.9811999999999999,0.0036567614086784523,0.0,0.0
FL-IMDR restricted,110,50,0.9801999999999998,0.0034288283713245285,0.0,0.0
FL-IMDR restricted,111,50,0.9817999999999998,0.0032983001682685004,0.0,0.0
FL-IMDR restricted,112,50,0.9811999999999999,0.0038244351216879108,0.0,0.0
FL-IMDR restricted,113,50,0.9826,0.003991743478732072,0.0,0.0
FL-IMDR restricted,114,50,0.982,0.003920000000000003,0.0,0.0
FL-IMDR restricted,115,50,0.983,0.004047913042544272,0.0,0.0
FL-IMDR restricted,116,50,0.9823999999999999,0.0036533294403872235,0.0,0.0
FL-IMDR restricted,117,50,0.9827999999999999,0.0034081877882534612,0.0,0.0
FL-IMDR restricted,118,50,0.9829999999999999,0.003682825002630456,0.0,0.0
FL-IMDR restricted,119,50,0.9821999999999999,0.003768679344279641,0.0,0.0
FL-IMDR restricted,120,50,0.9810000000000001,0.004047913042544272,0.0,0.0
